"","Reef.index","Priority","New_CSIRO.region"
"1",1,"N","FN"
"2",2,"N","FN"
"3",3,"N","FN"
"4",4,"N","FN"
"5",5,"N","FN"
"6",6,"N","FN"
"7",7,"N","FN"
"8",8,"N","FN"
"9",9,"N","FN"
"10",10,"N","FN"
"11",11,"N","FN"
"12",12,"N","FN"
"13",13,"N","FN"
"14",14,"N","FN"
"15",15,"N","FN"
"16",16,"N","FN"
"17",17,"N","FN"
"18",18,"N","FN"
"19",19,"N","FN"
"20",20,"N","FN"
"21",21,"N","FN"
"22",22,"N","FN"
"23",23,"N","FN"
"24",24,"N","FN"
"25",25,"N","FN"
"26",26,"N","FN"
"27",27,"N","FN"
"28",28,"N","FN"
"29",29,"N","FN"
"30",30,"N","FN"
"31",31,"N","FN"
"32",32,"N","FN"
"33",33,"N","FN"
"34",34,"N","FN"
"35",35,"N","FN"
"36",36,"N","FN"
"37",37,"N","FN"
"38",38,"N","FN"
"39",39,"N","FN"
"40",40,"N","FN"
"41",41,"N","FN"
"42",42,"N","FN"
"43",43,"N","FN"
"44",44,"N","FN"
"45",45,"N","FN"
"46",46,"N","FN"
"47",47,"N","FN"
"48",48,"N","FN"
"49",49,"N","FN"
"50",50,"N","FN"
"51",51,"N","FN"
"52",52,"N","FN"
"53",53,"N","FN"
"54",54,"N","FN"
"55",55,"N","FN"
"56",56,"N","FN"
"57",57,"N","FN"
"58",58,"N","FN"
"59",59,"N","FN"
"60",60,"N","FN"
"61",61,"N","FN"
"62",62,"N","FN"
"63",63,"N","FN"
"64",64,"N","FN"
"65",65,"N","FN"
"66",66,"N","FN"
"67",67,"N","FN"
"68",68,"N","FN"
"69",69,"N","FN"
"70",70,"N","FN"
"71",71,"N","FN"
"72",72,"N","FN"
"73",73,"N","FN"
"74",74,"N","FN"
"75",75,"N","FN"
"76",76,"N","FN"
"77",77,"N","FN"
"78",78,"N","FN"
"79",79,"N","FN"
"80",80,"N","FN"
"81",81,"N","FN"
"82",82,"N","FN"
"83",83,"N","FN"
"84",84,"N","FN"
"85",85,"N","FN"
"86",86,"N","FN"
"87",87,"N","FN"
"88",88,"N","FN"
"89",89,"N","FN"
"90",90,"N","FN"
"91",91,"N","FN"
"92",92,"N","FN"
"93",93,"N","FN"
"94",94,"N","FN"
"95",95,"N","FN"
"96",96,"N","FN"
"97",97,"N","FN"
"98",98,"N","FN"
"99",99,"N","FN"
"100",100,"N","FN"
"101",101,"N","FN"
"102",102,"N","FN"
"103",103,"N","FN"
"104",104,"N","FN"
"105",105,"N","FN"
"106",106,"N","FN"
"107",107,"N","FN"
"108",108,"N","FN"
"109",109,"N","FN"
"110",110,"N","FN"
"111",111,"N","FN"
"112",112,"N","FN"
"113",113,"N","FN"
"114",114,"N","FN"
"115",115,"N","FN"
"116",116,"N","FN"
"117",117,"N","FN"
"118",118,"N","FN"
"119",119,"N","FN"
"120",120,"N","FN"
"121",121,"N","FN"
"122",122,"N","FN"
"123",123,"N","FN"
"124",124,"N","FN"
"125",125,"N","FN"
"126",126,"N","FN"
"127",127,"N","FN"
"128",128,"N","FN"
"129",129,"N","FN"
"130",130,"N","FN"
"131",131,"N","FN"
"132",132,"N","FN"
"133",133,"N","FN"
"134",134,"N","FN"
"135",135,"N","FN"
"136",136,"N","FN"
"137",137,"N","FN"
"138",138,"N","FN"
"139",139,"N","FN"
"140",140,"N","FN"
"141",141,"N","FN"
"142",142,"N","FN"
"143",143,"N","FN"
"144",144,"N","FN"
"145",145,"N","FN"
"146",146,"N","FN"
"147",147,"N","FN"
"148",148,"N","FN"
"149",149,"N","FN"
"150",150,"N","FN"
"151",151,"N","FN"
"152",152,"N","FN"
"153",153,"N","FN"
"154",154,"N","FN"
"155",155,"N","FN"
"156",156,"N","FN"
"157",157,"N","FN"
"158",158,"N","FN"
"159",159,"N","FN"
"160",160,"N","FN"
"161",161,"N","FN"
"162",162,"N","FN"
"163",163,"N","FN"
"164",164,"N","FN"
"165",165,"N","FN"
"166",166,"N","FN"
"167",167,"N","FN"
"168",168,"N","FN"
"169",169,"N","FN"
"170",170,"N","FN"
"171",171,"N","FN"
"172",172,"N","FN"
"173",173,"N","FN"
"174",174,"N","FN"
"175",175,"N","FN"
"176",176,"N","FN"
"177",177,"N","FN"
"178",178,"N","FN"
"179",179,"N","FN"
"180",180,"N","FN"
"181",181,"N","FN"
"182",182,"N","FN"
"183",183,"N","FN"
"184",184,"N","FN"
"185",185,"N","FN"
"186",186,"N","FN"
"187",187,"N","FN"
"188",188,"N","FN"
"189",189,"N","FN"
"190",190,"N","FN"
"191",191,"N","FN"
"192",192,"N","FN"
"193",193,"N","FN"
"194",194,"N","FN"
"195",195,"N","FN"
"196",196,"N","FN"
"197",197,"N","FN"
"198",198,"N","FN"
"199",199,"N","FN"
"200",200,"N","FN"
"201",201,"N","FN"
"202",202,"N","FN"
"203",203,"N","FN"
"204",204,"N","FN"
"205",205,"N","FN"
"206",206,"N","FN"
"207",207,"N","FN"
"208",208,"N","FN"
"209",209,"N","FN"
"210",210,"N","FN"
"211",211,"N","FN"
"212",212,"N","FN"
"213",213,"N","FN"
"214",214,"N","FN"
"215",215,"N","FN"
"216",216,"N","FN"
"217",217,"N","FN"
"218",218,"N","FN"
"219",219,"N","FN"
"220",220,"N","FN"
"221",221,"N","FN"
"222",222,"N","FN"
"223",223,"N","FN"
"224",224,"N","FN"
"225",225,"N","FN"
"226",226,"N","FN"
"227",227,"N","FN"
"228",228,"N","FN"
"229",229,"N","FN"
"230",230,"N","FN"
"231",231,"N","FN"
"232",232,"N","FN"
"233",233,"N","FN"
"234",234,"N","FN"
"235",235,"N","FN"
"236",236,"N","FN"
"237",237,"N","FN"
"238",238,"N","FN"
"239",239,"N","FN"
"240",240,"N","FN"
"241",241,"N","FN"
"242",242,"N","FN"
"243",243,"N","FN"
"244",244,"N","FN"
"245",245,"N","FN"
"246",246,"N","FN"
"247",247,"N","FN"
"248",248,"N","FN"
"249",249,"N","FN"
"250",250,"N","FN"
"251",251,"N","FN"
"252",252,"N","FN"
"253",253,"N","FN"
"254",254,"N","FN"
"255",255,"N","FN"
"256",256,"N","FN"
"257",257,"N","FN"
"258",258,"N","FN"
"259",259,"N","FN"
"260",260,"N","FN"
"261",261,"N","FN"
"262",262,"N","FN"
"263",263,"N","FN"
"264",264,"N","FN"
"265",265,"N","FN"
"266",266,"N","FN"
"267",267,"N","FN"
"268",268,"N","FN"
"269",269,"N","FN"
"270",270,"N","FN"
"271",271,"N","FN"
"272",272,"N","FN"
"273",273,"N","FN"
"274",274,"N","FN"
"275",275,"N","FN"
"276",276,"N","FN"
"277",277,"N","FN"
"278",278,"N","FN"
"279",279,"N","FN"
"280",280,"N","FN"
"281",281,"N","FN"
"282",282,"N","FN"
"283",283,"N","FN"
"284",284,"N","FN"
"285",285,"N","FN"
"286",286,"N","FN"
"287",287,"N","FN"
"288",288,"N","FN"
"289",289,"N","FN"
"290",290,"N","FN"
"291",291,"N","FN"
"292",292,"N","FN"
"293",293,"N","FN"
"294",294,"N","FN"
"295",295,"N","FN"
"296",296,"N","FN"
"297",297,"N","FN"
"298",298,"N","FN"
"299",299,"N","FN"
"300",300,"N","FN"
"301",301,"N","FN"
"302",302,"N","FN"
"303",303,"N","FN"
"304",304,"N","FN"
"305",305,"N","FN"
"306",306,"N","FN"
"307",307,"N","FN"
"308",308,"N","FN"
"309",309,"N","FN"
"310",310,"N","FN"
"311",311,"N","FN"
"312",312,"N","FN"
"313",313,"N","FN"
"314",314,"N","FN"
"315",315,"N","FN"
"316",316,"N","FN"
"317",317,"N","FN"
"318",318,"N","FN"
"319",319,"N","FN"
"320",320,"N","FN"
"321",321,"N","FN"
"322",322,"N","FN"
"323",323,"N","FN"
"324",324,"N","FN"
"325",325,"N","FN"
"326",326,"N","FN"
"327",327,"N","FN"
"328",328,"N","FN"
"329",329,"N","FN"
"330",330,"N","FN"
"331",331,"N","FN"
"332",332,"N","FN"
"333",333,"N","FN"
"334",334,"N","FN"
"335",335,"N","FN"
"336",336,"N","FN"
"337",337,"N","FN"
"338",338,"N","FN"
"339",339,"N","FN"
"340",340,"N","FN"
"341",341,"N","FN"
"342",342,"N","FN"
"343",343,"N","FN"
"344",344,"N","FN"
"345",345,"N","FN"
"346",346,"N","FN"
"347",347,"N","FN"
"348",348,"N","FN"
"349",349,"N","FN"
"350",350,"N","FN"
"351",351,"N","FN"
"352",352,"N","FN"
"353",353,"N","FN"
"354",354,"N","FN"
"355",355,"N","FN"
"356",356,"N","FN"
"357",357,"N","FN"
"358",358,"N","FN"
"359",359,"N","FN"
"360",360,"N","FN"
"361",361,"N","FN"
"362",362,"N","FN"
"363",363,"N","FN"
"364",364,"N","FN"
"365",365,"N","FN"
"366",366,"N","FN"
"367",367,"N","FN"
"368",368,"N","FN"
"369",369,"N","FN"
"370",370,"N","FN"
"371",371,"N","FN"
"372",372,"N","FN"
"373",373,"N","FN"
"374",374,"N","FN"
"375",375,"N","FN"
"376",376,"N","FN"
"377",377,"N","FN"
"378",378,"N","FN"
"379",379,"N","FN"
"380",380,"N","FN"
"381",381,"N","FN"
"382",382,"N","FN"
"383",383,"N","FN"
"384",384,"N","FN"
"385",385,"N","FN"
"386",386,"N","FN"
"387",387,"N","FN"
"388",388,"N","FN"
"389",389,"N","FN"
"390",390,"N","FN"
"391",391,"N","FN"
"392",392,"N","FN"
"393",393,"N","FN"
"394",394,"N","FN"
"395",395,"N","FN"
"396",396,"N","FN"
"397",397,"N","FN"
"398",398,"N","FN"
"399",399,"N","FN"
"400",400,"N","FN"
"401",401,"N","FN"
"402",402,"N","FN"
"403",403,"N","FN"
"404",404,"N","FN"
"405",405,"N","FN"
"406",406,"N","FN"
"407",407,"N","FN"
"408",408,"N","FN"
"409",409,"N","FN"
"410",410,"N","FN"
"411",411,"N","FN"
"412",412,"N","FN"
"413",413,"N","FN"
"414",414,"N","FN"
"415",415,"N","FN"
"416",416,"N","FN"
"417",417,"N","FN"
"418",418,"N","FN"
"419",419,"N","FN"
"420",420,"N","FN"
"421",421,"N","FN"
"422",422,"N","FN"
"423",423,"Y","FN"
"424",424,"N","FN"
"425",425,"N","FN"
"426",426,"N","FN"
"427",427,"N","FN"
"428",428,"N","FN"
"429",429,"N","FN"
"430",430,"N","FN"
"431",431,"N","FN"
"432",432,"N","FN"
"433",433,"N","FN"
"434",434,"N","FN"
"435",435,"N","FN"
"436",436,"N","FN"
"437",437,"N","FN"
"438",438,"N","FN"
"439",439,"N","FN"
"440",440,"N","FN"
"441",441,"N","FN"
"442",442,"N","FN"
"443",443,"N","FN"
"444",444,"N","FN"
"445",445,"N","FN"
"446",446,"N","FN"
"447",447,"N","FN"
"448",448,"N","FN"
"449",449,"N","FN"
"450",450,"N","FN"
"451",451,"N","FN"
"452",452,"N","FN"
"453",453,"N","FN"
"454",454,"N","FN"
"455",455,"N","FN"
"456",456,"N","FN"
"457",457,"N","FN"
"458",458,"N","FN"
"459",459,"N","FN"
"460",460,"N","FN"
"461",461,"N","FN"
"462",462,"N","FN"
"463",463,"N","FN"
"464",464,"N","FN"
"465",465,"N","FN"
"466",466,"N","FN"
"467",467,"N","FN"
"468",468,"N","FN"
"469",469,"N","FN"
"470",470,"N","FN"
"471",471,"N","FN"
"472",472,"N","FN"
"473",473,"N","FN"
"474",474,"N","FN"
"475",475,"N","FN"
"476",476,"N","FN"
"477",477,"N","FN"
"478",478,"N","FN"
"479",479,"N","FN"
"480",480,"N","FN"
"481",481,"N","FN"
"482",482,"N","FN"
"483",483,"N","FN"
"484",484,"N","FN"
"485",485,"N","FN"
"486",486,"N","FN"
"487",487,"N","FN"
"488",488,"N","FN"
"489",489,"N","FN"
"490",490,"N","FN"
"491",491,"Y","FN"
"492",492,"N","FN"
"493",493,"N","FN"
"494",494,"N","FN"
"495",495,"N","FN"
"496",496,"N","FN"
"497",497,"N","FN"
"498",498,"N","FN"
"499",499,"N","FN"
"500",500,"N","FN"
"501",501,"N","FN"
"502",502,"N","FN"
"503",503,"N","FN"
"504",504,"N","FN"
"505",505,"N","FN"
"506",506,"N","FN"
"507",507,"N","FN"
"508",508,"N","FN"
"509",509,"N","FN"
"510",510,"N","FN"
"511",511,"N","FN"
"512",512,"N","FN"
"513",513,"N","FN"
"514",514,"N","FN"
"515",515,"N","FN"
"516",516,"N","FN"
"517",517,"N","FN"
"518",518,"N","FN"
"519",519,"N","FN"
"520",520,"N","FN"
"521",521,"Y","FN"
"522",522,"N","FN"
"523",523,"Y","FN"
"524",524,"N","FN"
"525",525,"N","FN"
"526",526,"N","FN"
"527",527,"N","FN"
"528",528,"N","FN"
"529",529,"N","FN"
"530",530,"N","FN"
"531",531,"N","FN"
"532",532,"N","FN"
"533",533,"N","FN"
"534",534,"N","FN"
"535",535,"Y","FN"
"536",536,"N","FN"
"537",537,"N","FN"
"538",538,"N","FN"
"539",539,"N","FN"
"540",540,"N","FN"
"541",541,"N","FN"
"542",542,"N","FN"
"543",543,"N","FN"
"544",544,"N","FN"
"545",545,"N","FN"
"546",546,"N","FN"
"547",547,"N","FN"
"548",548,"N","FN"
"549",549,"N","FN"
"550",550,"N","FN"
"551",551,"N","FN"
"552",552,"N","FN"
"553",553,"N","FN"
"554",554,"N","FN"
"555",555,"N","FN"
"556",556,"N","FN"
"557",557,"N","FN"
"558",558,"N","FN"
"559",559,"Y","FN"
"560",560,"N","FN"
"561",561,"Y","FN"
"562",562,"N","FN"
"563",563,"N","FN"
"564",564,"N","FN"
"565",565,"N","FN"
"566",566,"N","FN"
"567",567,"N","FN"
"568",568,"N","FN"
"569",569,"N","FN"
"570",570,"N","FN"
"571",571,"N","FN"
"572",572,"N","FN"
"573",573,"N","FN"
"574",574,"N","FN"
"575",575,"N","FN"
"576",576,"N","FN"
"577",577,"N","FN"
"578",578,"N","FN"
"579",579,"N","FN"
"580",580,"N","FN"
"581",581,"N","FN"
"582",582,"N","FN"
"583",583,"N","FN"
"584",584,"N","FN"
"585",585,"N","FN"
"586",586,"N","FN"
"587",587,"N","FN"
"588",588,"N","FN"
"589",589,"N","FN"
"590",590,"N","FN"
"591",591,"N","FN"
"592",592,"N","FN"
"593",593,"N","FN"
"594",594,"N","FN"
"595",595,"N","FN"
"596",596,"N","FN"
"597",597,"N","FN"
"598",598,"Y","FN"
"599",599,"N","FN"
"600",600,"N","FN"
"601",601,"N","FN"
"602",602,"N","FN"
"603",603,"N","FN"
"604",604,"Y","FN"
"605",605,"N","FN"
"606",606,"N","FN"
"607",607,"Y","FN"
"608",608,"N","FN"
"609",609,"N","FN"
"610",610,"Y","FN"
"611",611,"N","FN"
"612",612,"N","FN"
"613",613,"Y","FN"
"614",614,"N","FN"
"615",615,"N","FN"
"616",616,"N","FN"
"617",617,"N","FN"
"618",618,"N","FN"
"619",619,"N","FN"
"620",620,"N","FN"
"621",621,"N","FN"
"622",622,"N","FN"
"623",623,"N","FN"
"624",624,"N","FN"
"625",625,"N","FN"
"626",626,"Y","FN"
"627",627,"N","FN"
"628",628,"N","FN"
"629",629,"N","FN"
"630",630,"Y","FN"
"631",631,"N","FN"
"632",632,"N","FN"
"633",633,"Y","FN"
"634",634,"N","FN"
"635",635,"N","FN"
"636",636,"Y","FN"
"637",637,"N","FN"
"638",638,"N","FN"
"639",639,"N","FN"
"640",640,"N","FN"
"641",641,"N","FN"
"642",642,"N","FN"
"643",643,"N","FN"
"644",644,"N","FN"
"645",645,"N","FN"
"646",646,"N","FN"
"647",647,"Y","FN"
"648",648,"Y","FN"
"649",649,"N","FN"
"650",650,"Y","FN"
"651",651,"N","FN"
"652",652,"N","FN"
"653",653,"N","FN"
"654",654,"N","FN"
"655",655,"N","FN"
"656",656,"N","FN"
"657",657,"N","FN"
"658",658,"N","FN"
"659",659,"N","FN"
"660",660,"Y","FN"
"661",661,"N","FN"
"662",662,"N","FN"
"663",663,"N","FN"
"664",664,"N","FN"
"665",665,"N","FN"
"666",666,"N","FN"
"667",667,"N","FN"
"668",668,"N","FN"
"669",669,"N","FN"
"670",670,"N","FN"
"671",671,"N","FN"
"672",672,"N","FN"
"673",673,"N","FN"
"674",674,"N","FN"
"675",675,"N","FN"
"676",676,"Y","FN"
"677",677,"N","FN"
"678",678,"N","FN"
"679",679,"N","FN"
"680",680,"N","FN"
"681",681,"Y","FN"
"682",682,"N","FN"
"683",683,"N","FN"
"684",684,"N","C"
"685",685,"N","C"
"686",686,"N","C"
"687",687,"N","C"
"688",688,"Y","C"
"689",689,"Y","N"
"690",690,"Y","N"
"691",691,"N","N"
"692",692,"N","N"
"693",693,"Y","N"
"694",694,"Y","N"
"695",695,"Y","C"
"696",696,"N","C"
"697",697,"Y","C"
"698",698,"Y","C"
"699",699,"N","C"
"700",700,"N","C"
"701",701,"N","C"
"702",702,"N","C"
"703",703,"Y","C"
"704",704,"Y","C"
"705",705,"Y","C"
"706",706,"N","C"
"707",707,"N","C"
"708",708,"N","C"
"709",709,"Y","N"
"710",710,"Y","N"
"711",711,"N","N"
"712",712,"Y","N"
"713",713,"N","C"
"714",714,"N","C"
"715",715,"N","C"
"716",716,"N","N"
"717",717,"N","N"
"718",718,"N","N"
"719",719,"N","N"
"720",720,"N","N"
"721",721,"N","C"
"722",722,"N","C"
"723",723,"N","C"
"724",724,"N","C"
"725",725,"N","C"
"726",726,"Y","C"
"727",727,"N","C"
"728",728,"Y","C"
"729",729,"N","C"
"730",730,"Y","N"
"731",731,"Y","N"
"732",732,"N","N"
"733",733,"Y","N"
"734",734,"N","N"
"735",735,"N","N"
"736",736,"N","N"
"737",737,"N","N"
"738",738,"N","N"
"739",739,"N","N"
"740",740,"Y","C"
"741",741,"N","C"
"742",742,"N","C"
"743",743,"N","C"
"744",744,"N","C"
"745",745,"N","C"
"746",746,"N","C"
"747",747,"N","C"
"748",748,"Y","C"
"749",749,"N","C"
"750",750,"Y","C"
"751",751,"Y","C"
"752",752,"N","C"
"753",753,"N","N"
"754",754,"N","N"
"755",755,"N","N"
"756",756,"N","N"
"757",757,"N","N"
"758",758,"N","N"
"759",759,"N","N"
"760",760,"N","N"
"761",761,"N","N"
"762",762,"N","N"
"763",763,"N","N"
"764",764,"N","N"
"765",765,"N","N"
"766",766,"N","C"
"767",767,"N","C"
"768",768,"N","C"
"769",769,"Y","C"
"770",770,"N","C"
"771",771,"N","C"
"772",772,"Y","C"
"773",773,"N","N"
"774",774,"N","N"
"775",775,"N","N"
"776",776,"N","N"
"777",777,"N","N"
"778",778,"N","N"
"779",779,"N","N"
"780",780,"N","N"
"781",781,"N","N"
"782",782,"N","N"
"783",783,"N","N"
"784",784,"N","N"
"785",785,"N","C"
"786",786,"N","C"
"787",787,"N","C"
"788",788,"N","C"
"789",789,"Y","C"
"790",790,"N","C"
"791",791,"N","C"
"792",792,"N","C"
"793",793,"N","C"
"794",794,"N","N"
"795",795,"Y","N"
"796",796,"N","N"
"797",797,"N","N"
"798",798,"N","N"
"799",799,"N","N"
"800",800,"N","C"
"801",801,"N","C"
"802",802,"N","C"
"803",803,"N","C"
"804",804,"Y","C"
"805",805,"N","C"
"806",806,"N","C"
"807",807,"N","C"
"808",808,"N","C"
"809",809,"N","N"
"810",810,"N","N"
"811",811,"N","N"
"812",812,"N","N"
"813",813,"N","N"
"814",814,"N","N"
"815",815,"Y","N"
"816",816,"Y","N"
"817",817,"N","N"
"818",818,"N","N"
"819",819,"N","C"
"820",820,"N","C"
"821",821,"N","C"
"822",822,"N","C"
"823",823,"N","C"
"824",824,"N","C"
"825",825,"Y","C"
"826",826,"N","C"
"827",827,"N","C"
"828",828,"N","C"
"829",829,"Y","N"
"830",830,"Y","N"
"831",831,"Y","N"
"832",832,"N","N"
"833",833,"N","N"
"834",834,"N","N"
"835",835,"N","N"
"836",836,"Y","N"
"837",837,"N","C"
"838",838,"N","C"
"839",839,"N","C"
"840",840,"N","C"
"841",841,"N","C"
"842",842,"N","C"
"843",843,"Y","C"
"844",844,"N","C"
"845",845,"N","C"
"846",846,"N","C"
"847",847,"N","C"
"848",848,"Y","N"
"849",849,"N","N"
"850",850,"Y","N"
"851",851,"N","N"
"852",852,"N","N"
"853",853,"Y","N"
"854",854,"N","C"
"855",855,"N","C"
"856",856,"N","C"
"857",857,"Y","C"
"858",858,"N","N"
"859",859,"N","C"
"860",860,"Y","C"
"861",861,"N","C"
"862",862,"Y","C"
"863",863,"N","C"
"864",864,"N","C"
"865",865,"N","C"
"866",866,"N","C"
"867",867,"Y","N"
"868",868,"Y","N"
"869",869,"Y","N"
"870",870,"N","N"
"871",871,"Y","N"
"872",872,"N","N"
"873",873,"N","N"
"874",874,"N","N"
"875",875,"N","C"
"876",876,"N","C"
"877",877,"N","C"
"878",878,"N","C"
"879",879,"N","C"
"880",880,"N","C"
"881",881,"N","C"
"882",882,"N","C"
"883",883,"N","C"
"884",884,"N","C"
"885",885,"N","C"
"886",886,"N","C"
"887",887,"Y","C"
"888",888,"N","C"
"889",889,"N","C"
"890",890,"Y","C"
"891",891,"Y","C"
"892",892,"N","C"
"893",893,"N","N"
"894",894,"Y","N"
"895",895,"Y","N"
"896",896,"Y","N"
"897",897,"N","C"
"898",898,"Y","C"
"899",899,"N","C"
"900",900,"Y","C"
"901",901,"N","C"
"902",902,"N","C"
"903",903,"N","C"
"904",904,"N","C"
"905",905,"N","C"
"906",906,"N","C"
"907",907,"N","N"
"908",908,"Y","N"
"909",909,"Y","N"
"910",910,"Y","N"
"911",911,"Y","N"
"912",912,"Y","N"
"913",913,"N","N"
"914",914,"N","N"
"915",915,"N","N"
"916",916,"N","C"
"917",917,"Y","N"
"918",918,"N","C"
"919",919,"N","C"
"920",920,"N","C"
"921",921,"N","C"
"922",922,"N","C"
"923",923,"N","C"
"924",924,"N","C"
"925",925,"N","C"
"926",926,"N","C"
"927",927,"N","N"
"928",928,"N","N"
"929",929,"N","N"
"930",930,"N","N"
"931",931,"N","N"
"932",932,"N","N"
"933",933,"Y","N"
"934",934,"N","N"
"935",935,"N","N"
"936",936,"Y","C"
"937",937,"Y","C"
"938",938,"Y","C"
"939",939,"N","C"
"940",940,"N","C"
"941",941,"N","C"
"942",942,"N","C"
"943",943,"N","C"
"944",944,"N","N"
"945",945,"N","N"
"946",946,"N","N"
"947",947,"N","N"
"948",948,"N","N"
"949",949,"N","N"
"950",950,"Y","N"
"951",951,"Y","N"
"952",952,"N","C"
"953",953,"Y","C"
"954",954,"N","C"
"955",955,"N","C"
"956",956,"N","C"
"957",957,"N","C"
"958",958,"N","N"
"959",959,"N","N"
"960",960,"N","N"
"961",961,"N","N"
"962",962,"N","N"
"963",963,"N","N"
"964",964,"N","N"
"965",965,"N","N"
"966",966,"N","N"
"967",967,"N","N"
"968",968,"N","N"
"969",969,"Y","N"
"970",970,"Y","C"
"971",971,"N","C"
"972",972,"Y","C"
"973",973,"N","C"
"974",974,"N","C"
"975",975,"N","C"
"976",976,"N","C"
"977",977,"N","C"
"978",978,"N","N"
"979",979,"N","N"
"980",980,"N","N"
"981",981,"N","N"
"982",982,"N","N"
"983",983,"N","N"
"984",984,"N","N"
"985",985,"N","N"
"986",986,"Y","N"
"987",987,"Y","N"
"988",988,"N","N"
"989",989,"N","N"
"990",990,"N","N"
"991",991,"Y","N"
"992",992,"N","N"
"993",993,"N","N"
"994",994,"N","N"
"995",995,"Y","N"
"996",996,"Y","N"
"997",997,"N","FN"
"998",998,"Y","FN"
"999",999,"Y","FN"
"1000",1000,"N","FN"
"1001",1001,"Y","FN"
"1002",1002,"N","FN"
"1003",1003,"N","N"
"1004",1004,"N","N"
"1005",1005,"N","N"
"1006",1006,"N","N"
"1007",1007,"N","N"
"1008",1008,"N","N"
"1009",1009,"N","N"
"1010",1010,"Y","N"
"1011",1011,"Y","N"
"1012",1012,"N","N"
"1013",1013,"N","N"
"1014",1014,"N","N"
"1015",1015,"N","FN"
"1016",1016,"N","FN"
"1017",1017,"N","FN"
"1018",1018,"N","FN"
"1019",1019,"N","FN"
"1020",1020,"N","FN"
"1021",1021,"Y","FN"
"1022",1022,"Y","FN"
"1023",1023,"N","FN"
"1024",1024,"N","FN"
"1025",1025,"N","FN"
"1026",1026,"N","FN"
"1027",1027,"N","FN"
"1028",1028,"N","FN"
"1029",1029,"N","N"
"1030",1030,"N","N"
"1031",1031,"N","N"
"1032",1032,"N","N"
"1033",1033,"N","N"
"1034",1034,"N","N"
"1035",1035,"N","N"
"1036",1036,"Y","N"
"1037",1037,"N","N"
"1038",1038,"N","N"
"1039",1039,"N","N"
"1040",1040,"Y","N"
"1041",1041,"Y","FN"
"1042",1042,"Y","FN"
"1043",1043,"Y","FN"
"1044",1044,"N","FN"
"1045",1045,"Y","FN"
"1046",1046,"N","FN"
"1047",1047,"N","FN"
"1048",1048,"Y","FN"
"1049",1049,"N","N"
"1050",1050,"N","N"
"1051",1051,"N","N"
"1052",1052,"N","N"
"1053",1053,"N","N"
"1054",1054,"N","N"
"1055",1055,"N","N"
"1056",1056,"N","N"
"1057",1057,"N","N"
"1058",1058,"N","N"
"1059",1059,"N","N"
"1060",1060,"N","N"
"1061",1061,"N","N"
"1062",1062,"N","N"
"1063",1063,"N","N"
"1064",1064,"N","N"
"1065",1065,"N","N"
"1066",1066,"Y","FN"
"1067",1067,"Y","FN"
"1068",1068,"Y","FN"
"1069",1069,"N","FN"
"1070",1070,"N","FN"
"1071",1071,"N","N"
"1072",1072,"N","N"
"1073",1073,"N","N"
"1074",1074,"N","N"
"1075",1075,"N","N"
"1076",1076,"N","N"
"1077",1077,"N","FN"
"1078",1078,"N","FN"
"1079",1079,"N","FN"
"1080",1080,"N","FN"
"1081",1081,"N","FN"
"1082",1082,"Y","FN"
"1083",1083,"N","FN"
"1084",1084,"N","FN"
"1085",1085,"Y","FN"
"1086",1086,"N","FN"
"1087",1087,"N","FN"
"1088",1088,"N","FN"
"1089",1089,"N","FN"
"1090",1090,"N","FN"
"1091",1091,"N","N"
"1092",1092,"N","N"
"1093",1093,"N","N"
"1094",1094,"Y","N"
"1095",1095,"Y","N"
"1096",1096,"Y","N"
"1097",1097,"Y","N"
"1098",1098,"Y","FN"
"1099",1099,"Y","FN"
"1100",1100,"N","FN"
"1101",1101,"N","FN"
"1102",1102,"N","FN"
"1103",1103,"N","FN"
"1104",1104,"N","FN"
"1105",1105,"Y","FN"
"1106",1106,"Y","FN"
"1107",1107,"Y","FN"
"1108",1108,"N","FN"
"1109",1109,"Y","FN"
"1110",1110,"N","FN"
"1111",1111,"N","FN"
"1112",1112,"N","FN"
"1113",1113,"N","FN"
"1114",1114,"Y","FN"
"1115",1115,"Y","FN"
"1116",1116,"Y","FN"
"1117",1117,"N","FN"
"1118",1118,"Y","N"
"1119",1119,"Y","N"
"1120",1120,"N","N"
"1121",1121,"N","N"
"1122",1122,"Y","N"
"1123",1123,"Y","FN"
"1124",1124,"Y","FN"
"1125",1125,"N","FN"
"1126",1126,"N","FN"
"1127",1127,"N","FN"
"1128",1128,"N","FN"
"1129",1129,"Y","FN"
"1130",1130,"N","FN"
"1131",1131,"N","FN"
"1132",1132,"N","FN"
"1133",1133,"N","FN"
"1134",1134,"N","FN"
"1135",1135,"N","FN"
"1136",1136,"Y","FN"
"1137",1137,"N","FN"
"1138",1138,"Y","FN"
"1139",1139,"Y","FN"
"1140",1140,"N","FN"
"1141",1141,"N","FN"
"1142",1142,"Y","N"
"1143",1143,"N","N"
"1144",1144,"N","N"
"1145",1145,"N","FN"
"1146",1146,"Y","FN"
"1147",1147,"Y","FN"
"1148",1148,"N","FN"
"1149",1149,"N","FN"
"1150",1150,"N","FN"
"1151",1151,"N","FN"
"1152",1152,"N","FN"
"1153",1153,"N","FN"
"1154",1154,"Y","FN"
"1155",1155,"Y","FN"
"1156",1156,"N","FN"
"1157",1157,"Y","FN"
"1158",1158,"Y","N"
"1159",1159,"N","N"
"1160",1160,"Y","N"
"1161",1161,"Y","N"
"1162",1162,"Y","N"
"1163",1163,"N","N"
"1164",1164,"N","FN"
"1165",1165,"N","FN"
"1166",1166,"N","FN"
"1167",1167,"N","FN"
"1168",1168,"N","FN"
"1169",1169,"N","FN"
"1170",1170,"N","FN"
"1171",1171,"N","FN"
"1172",1172,"N","FN"
"1173",1173,"N","FN"
"1174",1174,"N","FN"
"1175",1175,"N","FN"
"1176",1176,"N","FN"
"1177",1177,"N","FN"
"1178",1178,"N","FN"
"1179",1179,"N","FN"
"1180",1180,"N","FN"
"1181",1181,"N","FN"
"1182",1182,"Y","FN"
"1183",1183,"Y","FN"
"1184",1184,"Y","FN"
"1185",1185,"Y","FN"
"1186",1186,"Y","N"
"1187",1187,"N","FN"
"1188",1188,"N","FN"
"1189",1189,"N","FN"
"1190",1190,"N","FN"
"1191",1191,"N","N"
"1192",1192,"N","N"
"1193",1193,"N","N"
"1194",1194,"N","FN"
"1195",1195,"N","FN"
"1196",1196,"Y","FN"
"1197",1197,"N","FN"
"1198",1198,"Y","FN"
"1199",1199,"Y","FN"
"1200",1200,"N","FN"
"1201",1201,"N","FN"
"1202",1202,"N","FN"
"1203",1203,"N","N"
"1204",1204,"N","N"
"1205",1205,"N","N"
"1206",1206,"N","N"
"1207",1207,"N","N"
"1208",1208,"N","N"
"1209",1209,"N","N"
"1210",1210,"Y","FN"
"1211",1211,"Y","FN"
"1212",1212,"N","FN"
"1213",1213,"N","FN"
"1214",1214,"N","FN"
"1215",1215,"N","FN"
"1216",1216,"N","FN"
"1217",1217,"N","N"
"1218",1218,"N","N"
"1219",1219,"N","N"
"1220",1220,"N","N"
"1221",1221,"N","N"
"1222",1222,"N","N"
"1223",1223,"N","N"
"1224",1224,"N","N"
"1225",1225,"N","N"
"1226",1226,"N","N"
"1227",1227,"N","N"
"1228",1228,"N","FN"
"1229",1229,"N","FN"
"1230",1230,"N","FN"
"1231",1231,"N","FN"
"1232",1232,"N","FN"
"1233",1233,"N","FN"
"1234",1234,"N","FN"
"1235",1235,"N","FN"
"1236",1236,"N","FN"
"1237",1237,"N","FN"
"1238",1238,"N","N"
"1239",1239,"N","N"
"1240",1240,"N","N"
"1241",1241,"N","N"
"1242",1242,"N","N"
"1243",1243,"N","N"
"1244",1244,"N","N"
"1245",1245,"N","N"
"1246",1246,"N","N"
"1247",1247,"N","N"
"1248",1248,"N","N"
"1249",1249,"N","N"
"1250",1250,"N","N"
"1251",1251,"N","N"
"1252",1252,"N","N"
"1253",1253,"N","N"
"1254",1254,"N","FN"
"1255",1255,"N","FN"
"1256",1256,"N","FN"
"1257",1257,"N","FN"
"1258",1258,"N","FN"
"1259",1259,"N","FN"
"1260",1260,"N","FN"
"1261",1261,"N","FN"
"1262",1262,"N","FN"
"1263",1263,"N","FN"
"1264",1264,"Y","FN"
"1265",1265,"N","FN"
"1266",1266,"N","FN"
"1267",1267,"N","FN"
"1268",1268,"N","N"
"1269",1269,"N","N"
"1270",1270,"N","N"
"1271",1271,"N","N"
"1272",1272,"N","N"
"1273",1273,"N","N"
"1274",1274,"N","N"
"1275",1275,"N","N"
"1276",1276,"N","N"
"1277",1277,"N","N"
"1278",1278,"N","N"
"1279",1279,"N","N"
"1280",1280,"N","N"
"1281",1281,"Y","N"
"1282",1282,"N","N"
"1283",1283,"N","N"
"1284",1284,"N","N"
"1285",1285,"Y","FN"
"1286",1286,"Y","FN"
"1287",1287,"N","FN"
"1288",1288,"N","FN"
"1289",1289,"Y","FN"
"1290",1290,"Y","FN"
"1291",1291,"N","FN"
"1292",1292,"N","N"
"1293",1293,"N","N"
"1294",1294,"N","N"
"1295",1295,"Y","N"
"1296",1296,"N","N"
"1297",1297,"Y","N"
"1298",1298,"N","N"
"1299",1299,"N","FN"
"1300",1300,"Y","FN"
"1301",1301,"N","FN"
"1302",1302,"Y","FN"
"1303",1303,"N","FN"
"1304",1304,"N","FN"
"1305",1305,"N","FN"
"1306",1306,"N","FN"
"1307",1307,"N","FN"
"1308",1308,"Y","FN"
"1309",1309,"N","FN"
"1310",1310,"Y","FN"
"1311",1311,"N","FN"
"1312",1312,"Y","N"
"1313",1313,"Y","N"
"1314",1314,"Y","N"
"1315",1315,"Y","N"
"1316",1316,"N","N"
"1317",1317,"N","N"
"1318",1318,"N","N"
"1319",1319,"N","N"
"1320",1320,"N","FN"
"1321",1321,"N","FN"
"1322",1322,"N","FN"
"1323",1323,"N","FN"
"1324",1324,"N","FN"
"1325",1325,"N","FN"
"1326",1326,"N","FN"
"1327",1327,"N","FN"
"1328",1328,"N","FN"
"1329",1329,"N","FN"
"1330",1330,"Y","FN"
"1331",1331,"N","FN"
"1332",1332,"Y","N"
"1333",1333,"N","N"
"1334",1334,"N","S"
"1335",1335,"N","S"
"1336",1336,"N","S"
"1337",1337,"N","S"
"1338",1338,"N","S"
"1339",1339,"N","S"
"1340",1340,"N","S"
"1341",1341,"N","S"
"1342",1342,"N","S"
"1343",1343,"N","S"
"1344",1344,"N","S"
"1345",1345,"N","S"
"1346",1346,"N","S"
"1347",1347,"N","S"
"1348",1348,"N","S"
"1349",1349,"N","S"
"1350",1350,"N","S"
"1351",1351,"N","S"
"1352",1352,"N","S"
"1353",1353,"N","S"
"1354",1354,"N","S"
"1355",1355,"N","S"
"1356",1356,"N","S"
"1357",1357,"N","S"
"1358",1358,"N","S"
"1359",1359,"N","S"
"1360",1360,"N","S"
"1361",1361,"N","S"
"1362",1362,"N","S"
"1363",1363,"N","S"
"1364",1364,"N","S"
"1365",1365,"N","S"
"1366",1366,"N","S"
"1367",1367,"N","S"
"1368",1368,"N","S"
"1369",1369,"N","S"
"1370",1370,"N","S"
"1371",1371,"N","S"
"1372",1372,"N","S"
"1373",1373,"N","S"
"1374",1374,"N","S"
"1375",1375,"N","S"
"1376",1376,"N","S"
"1377",1377,"N","S"
"1378",1378,"N","S"
"1379",1379,"N","S"
"1380",1380,"N","S"
"1381",1381,"N","S"
"1382",1382,"N","S"
"1383",1383,"N","S"
"1384",1384,"N","S"
"1385",1385,"N","S"
"1386",1386,"N","S"
"1387",1387,"N","S"
"1388",1388,"N","S"
"1389",1389,"N","S"
"1390",1390,"N","S"
"1391",1391,"N","S"
"1392",1392,"N","S"
"1393",1393,"N","S"
"1394",1394,"N","S"
"1395",1395,"N","S"
"1396",1396,"N","S"
"1397",1397,"N","S"
"1398",1398,"N","S"
"1399",1399,"N","S"
"1400",1400,"N","S"
"1401",1401,"N","S"
"1402",1402,"N","S"
"1403",1403,"N","S"
"1404",1404,"N","S"
"1405",1405,"N","S"
"1406",1406,"N","S"
"1407",1407,"N","S"
"1408",1408,"N","S"
"1409",1409,"N","S"
"1410",1410,"N","S"
"1411",1411,"N","S"
"1412",1412,"N","S"
"1413",1413,"N","S"
"1414",1414,"N","S"
"1415",1415,"N","S"
"1416",1416,"N","S"
"1417",1417,"N","S"
"1418",1418,"N","S"
"1419",1419,"N","S"
"1420",1420,"N","S"
"1421",1421,"N","S"
"1422",1422,"N","S"
"1423",1423,"N","S"
"1424",1424,"N","S"
"1425",1425,"N","S"
"1426",1426,"N","S"
"1427",1427,"N","S"
"1428",1428,"N","S"
"1429",1429,"N","S"
"1430",1430,"N","S"
"1431",1431,"N","S"
"1432",1432,"N","S"
"1433",1433,"N","S"
"1434",1434,"N","S"
"1435",1435,"N","S"
"1436",1436,"N","S"
"1437",1437,"N","S"
"1438",1438,"N","S"
"1439",1439,"N","S"
"1440",1440,"N","S"
"1441",1441,"N","S"
"1442",1442,"N","S"
"1443",1443,"N","S"
"1444",1444,"N","S"
"1445",1445,"N","S"
"1446",1446,"N","S"
"1447",1447,"N","S"
"1448",1448,"N","S"
"1449",1449,"N","S"
"1450",1450,"N","S"
"1451",1451,"N","S"
"1452",1452,"N","S"
"1453",1453,"N","S"
"1454",1454,"N","S"
"1455",1455,"N","S"
"1456",1456,"N","S"
"1457",1457,"N","S"
"1458",1458,"N","S"
"1459",1459,"N","S"
"1460",1460,"N","S"
"1461",1461,"N","S"
"1462",1462,"N","S"
"1463",1463,"N","S"
"1464",1464,"N","S"
"1465",1465,"N","S"
"1466",1466,"N","S"
"1467",1467,"N","S"
"1468",1468,"N","S"
"1469",1469,"N","S"
"1470",1470,"N","S"
"1471",1471,"N","S"
"1472",1472,"N","S"
"1473",1473,"N","S"
"1474",1474,"N","S"
"1475",1475,"N","S"
"1476",1476,"N","S"
"1477",1477,"N","S"
"1478",1478,"N","S"
"1479",1479,"N","S"
"1480",1480,"N","S"
"1481",1481,"N","S"
"1482",1482,"N","S"
"1483",1483,"N","S"
"1484",1484,"N","S"
"1485",1485,"N","S"
"1486",1486,"N","S"
"1487",1487,"N","S"
"1488",1488,"N","S"
"1489",1489,"N","S"
"1490",1490,"N","S"
"1491",1491,"N","S"
"1492",1492,"N","S"
"1493",1493,"N","S"
"1494",1494,"N","S"
"1495",1495,"N","S"
"1496",1496,"N","S"
"1497",1497,"N","S"
"1498",1498,"N","S"
"1499",1499,"N","S"
"1500",1500,"N","S"
"1501",1501,"N","S"
"1502",1502,"N","S"
"1503",1503,"N","S"
"1504",1504,"N","S"
"1505",1505,"N","S"
"1506",1506,"N","S"
"1507",1507,"N","S"
"1508",1508,"N","S"
"1509",1509,"N","S"
"1510",1510,"N","S"
"1511",1511,"N","S"
"1512",1512,"N","S"
"1513",1513,"N","S"
"1514",1514,"N","S"
"1515",1515,"N","S"
"1516",1516,"N","S"
"1517",1517,"N","S"
"1518",1518,"N","S"
"1519",1519,"N","S"
"1520",1520,"N","S"
"1521",1521,"N","S"
"1522",1522,"N","S"
"1523",1523,"N","S"
"1524",1524,"N","S"
"1525",1525,"N","S"
"1526",1526,"N","S"
"1527",1527,"N","S"
"1528",1528,"N","S"
"1529",1529,"N","S"
"1530",1530,"N","S"
"1531",1531,"N","S"
"1532",1532,"N","S"
"1533",1533,"N","S"
"1534",1534,"N","S"
"1535",1535,"N","S"
"1536",1536,"N","S"
"1537",1537,"N","S"
"1538",1538,"N","S"
"1539",1539,"N","S"
"1540",1540,"N","S"
"1541",1541,"Y","S"
"1542",1542,"Y","S"
"1543",1543,"N","S"
"1544",1544,"N","S"
"1545",1545,"N","S"
"1546",1546,"N","S"
"1547",1547,"N","S"
"1548",1548,"N","S"
"1549",1549,"N","S"
"1550",1550,"N","S"
"1551",1551,"N","S"
"1552",1552,"N","S"
"1553",1553,"N","S"
"1554",1554,"N","S"
"1555",1555,"Y","S"
"1556",1556,"Y","S"
"1557",1557,"N","S"
"1558",1558,"N","S"
"1559",1559,"N","S"
"1560",1560,"Y","S"
"1561",1561,"N","S"
"1562",1562,"N","S"
"1563",1563,"N","S"
"1564",1564,"N","S"
"1565",1565,"N","S"
"1566",1566,"N","S"
"1567",1567,"N","S"
"1568",1568,"N","S"
"1569",1569,"N","S"
"1570",1570,"Y","S"
"1571",1571,"Y","S"
"1572",1572,"N","S"
"1573",1573,"Y","S"
"1574",1574,"Y","S"
"1575",1575,"N","S"
"1576",1576,"N","S"
"1577",1577,"Y","S"
"1578",1578,"N","S"
"1579",1579,"N","S"
"1580",1580,"N","S"
"1581",1581,"N","S"
"1582",1582,"N","S"
"1583",1583,"N","S"
"1584",1584,"N","S"
"1585",1585,"N","S"
"1586",1586,"N","S"
"1587",1587,"N","S"
"1588",1588,"Y","S"
"1589",1589,"N","S"
"1590",1590,"N","S"
"1591",1591,"N","S"
"1592",1592,"N","S"
"1593",1593,"N","S"
"1594",1594,"Y","S"
"1595",1595,"N","S"
"1596",1596,"Y","S"
"1597",1597,"N","S"
"1598",1598,"N","S"
"1599",1599,"N","S"
"1600",1600,"N","S"
"1601",1601,"Y","S"
"1602",1602,"N","S"
"1603",1603,"N","S"
"1604",1604,"N","S"
"1605",1605,"Y","S"
"1606",1606,"Y","S"
"1607",1607,"N","S"
"1608",1608,"N","S"
"1609",1609,"N","S"
"1610",1610,"N","S"
"1611",1611,"N","S"
"1612",1612,"N","S"
"1613",1613,"N","S"
"1614",1614,"N","S"
"1615",1615,"N","S"
"1616",1616,"N","S"
"1617",1617,"N","S"
"1618",1618,"N","S"
"1619",1619,"N","S"
"1620",1620,"N","S"
"1621",1621,"N","S"
"1622",1622,"N","S"
"1623",1623,"N","S"
"1624",1624,"N","S"
"1625",1625,"N","S"
"1626",1626,"N","S"
"1627",1627,"N","S"
"1628",1628,"N","S"
"1629",1629,"N","S"
"1630",1630,"N","S"
"1631",1631,"N","S"
"1632",1632,"Y","S"
"1633",1633,"Y","S"
"1634",1634,"N","S"
"1635",1635,"N","S"
"1636",1636,"N","S"
"1637",1637,"N","S"
"1638",1638,"Y","S"
"1639",1639,"Y","S"
"1640",1640,"N","S"
"1641",1641,"N","S"
"1642",1642,"N","S"
"1643",1643,"N","S"
"1644",1644,"N","S"
"1645",1645,"N","S"
"1646",1646,"N","S"
"1647",1647,"N","S"
"1648",1648,"N","S"
"1649",1649,"N","S"
"1650",1650,"N","S"
"1651",1651,"N","S"
"1652",1652,"N","S"
"1653",1653,"Y","S"
"1654",1654,"N","S"
"1655",1655,"Y","S"
"1656",1656,"N","S"
"1657",1657,"N","S"
"1658",1658,"N","S"
"1659",1659,"N","S"
"1660",1660,"N","C"
"1661",1661,"Y","S"
"1662",1662,"N","S"
"1663",1663,"N","S"
"1664",1664,"Y","S"
"1665",1665,"N","S"
"1666",1666,"N","S"
"1667",1667,"Y","S"
"1668",1668,"N","S"
"1669",1669,"N","S"
"1670",1670,"N","S"
"1671",1671,"Y","C"
"1672",1672,"Y","C"
"1673",1673,"Y","C"
"1674",1674,"N","C"
"1675",1675,"N","C"
"1676",1676,"N","S"
"1677",1677,"N","S"
"1678",1678,"N","S"
"1679",1679,"N","C"
"1680",1680,"N","C"
"1681",1681,"N","S"
"1682",1682,"N","S"
"1683",1683,"N","S"
"1684",1684,"N","S"
"1685",1685,"N","S"
"1686",1686,"Y","S"
"1687",1687,"N","S"
"1688",1688,"N","S"
"1689",1689,"Y","S"
"1690",1690,"N","S"
"1691",1691,"N","S"
"1692",1692,"N","S"
"1693",1693,"N","S"
"1694",1694,"N","S"
"1695",1695,"N","S"
"1696",1696,"N","S"
"1697",1697,"N","S"
"1698",1698,"N","C"
"1699",1699,"N","C"
"1700",1700,"N","C"
"1701",1701,"N","C"
"1702",1702,"N","C"
"1703",1703,"N","C"
"1704",1704,"Y","S"
"1705",1705,"N","S"
"1706",1706,"N","S"
"1707",1707,"N","S"
"1708",1708,"N","C"
"1709",1709,"N","C"
"1710",1710,"N","S"
"1711",1711,"N","S"
"1712",1712,"N","S"
"1713",1713,"N","S"
"1714",1714,"N","S"
"1715",1715,"N","S"
"1716",1716,"N","S"
"1717",1717,"N","S"
"1718",1718,"N","S"
"1719",1719,"N","S"
"1720",1720,"N","S"
"1721",1721,"N","S"
"1722",1722,"N","S"
"1723",1723,"N","S"
"1724",1724,"N","S"
"1725",1725,"N","C"
"1726",1726,"N","C"
"1727",1727,"N","C"
"1728",1728,"N","S"
"1729",1729,"N","S"
"1730",1730,"N","S"
"1731",1731,"N","S"
"1732",1732,"N","S"
"1733",1733,"N","S"
"1734",1734,"N","S"
"1735",1735,"N","S"
"1736",1736,"N","S"
"1737",1737,"N","S"
"1738",1738,"N","S"
"1739",1739,"N","S"
"1740",1740,"N","S"
"1741",1741,"N","S"
"1742",1742,"N","S"
"1743",1743,"N","S"
"1744",1744,"Y","S"
"1745",1745,"N","S"
"1746",1746,"N","S"
"1747",1747,"N","S"
"1748",1748,"N","S"
"1749",1749,"N","S"
"1750",1750,"N","S"
"1751",1751,"Y","S"
"1752",1752,"Y","S"
"1753",1753,"N","S"
"1754",1754,"N","S"
"1755",1755,"N","S"
"1756",1756,"N","S"
"1757",1757,"N","S"
"1758",1758,"N","S"
"1759",1759,"N","S"
"1760",1760,"N","S"
"1761",1761,"N","S"
"1762",1762,"N","S"
"1763",1763,"N","S"
"1764",1764,"N","S"
"1765",1765,"N","S"
"1766",1766,"N","S"
"1767",1767,"N","S"
"1768",1768,"N","S"
"1769",1769,"N","S"
"1770",1770,"N","S"
"1771",1771,"N","S"
"1772",1772,"N","S"
"1773",1773,"N","S"
"1774",1774,"N","S"
"1775",1775,"N","S"
"1776",1776,"N","S"
"1777",1777,"N","S"
"1778",1778,"N","S"
"1779",1779,"N","S"
"1780",1780,"N","S"
"1781",1781,"N","S"
"1782",1782,"N","S"
"1783",1783,"N","S"
"1784",1784,"N","S"
"1785",1785,"N","S"
"1786",1786,"N","S"
"1787",1787,"Y","S"
"1788",1788,"Y","S"
"1789",1789,"N","S"
"1790",1790,"Y","S"
"1791",1791,"N","S"
"1792",1792,"N","S"
"1793",1793,"N","S"
"1794",1794,"N","S"
"1795",1795,"N","S"
"1796",1796,"N","S"
"1797",1797,"N","S"
"1798",1798,"N","S"
"1799",1799,"N","S"
"1800",1800,"N","S"
"1801",1801,"N","S"
"1802",1802,"N","S"
"1803",1803,"N","S"
"1804",1804,"N","S"
"1805",1805,"N","S"
"1806",1806,"N","S"
"1807",1807,"N","S"
"1808",1808,"N","S"
"1809",1809,"N","S"
"1810",1810,"N","S"
"1811",1811,"N","S"
"1812",1812,"N","S"
"1813",1813,"N","S"
"1814",1814,"N","S"
"1815",1815,"N","S"
"1816",1816,"N","S"
"1817",1817,"N","S"
"1818",1818,"N","S"
"1819",1819,"N","S"
"1820",1820,"N","S"
"1821",1821,"N","S"
"1822",1822,"N","S"
"1823",1823,"N","S"
"1824",1824,"Y","S"
"1825",1825,"N","S"
"1826",1826,"N","S"
"1827",1827,"N","S"
"1828",1828,"N","S"
"1829",1829,"N","S"
"1830",1830,"N","S"
"1831",1831,"N","S"
"1832",1832,"N","S"
"1833",1833,"N","S"
"1834",1834,"N","S"
"1835",1835,"N","S"
"1836",1836,"N","S"
"1837",1837,"N","S"
"1838",1838,"N","S"
"1839",1839,"Y","S"
"1840",1840,"N","S"
"1841",1841,"N","S"
"1842",1842,"N","S"
"1843",1843,"N","S"
"1844",1844,"N","S"
"1845",1845,"N","S"
"1846",1846,"N","S"
"1847",1847,"N","S"
"1848",1848,"N","S"
"1849",1849,"Y","S"
"1850",1850,"N","S"
"1851",1851,"N","S"
"1852",1852,"N","S"
"1853",1853,"N","S"
"1854",1854,"N","S"
"1855",1855,"N","S"
"1856",1856,"N","S"
"1857",1857,"N","S"
"1858",1858,"N","C"
"1859",1859,"N","S"
"1860",1860,"N","S"
"1861",1861,"Y","S"
"1862",1862,"N","S"
"1863",1863,"Y","S"
"1864",1864,"N","S"
"1865",1865,"Y","S"
"1866",1866,"Y","S"
"1867",1867,"Y","S"
"1868",1868,"N","S"
"1869",1869,"N","S"
"1870",1870,"N","S"
"1871",1871,"N","S"
"1872",1872,"N","S"
"1873",1873,"N","S"
"1874",1874,"N","S"
"1875",1875,"N","S"
"1876",1876,"N","S"
"1877",1877,"N","S"
"1878",1878,"N","S"
"1879",1879,"N","S"
"1880",1880,"N","S"
"1881",1881,"N","S"
"1882",1882,"Y","S"
"1883",1883,"Y","S"
"1884",1884,"Y","C"
"1885",1885,"N","S"
"1886",1886,"N","S"
"1887",1887,"Y","S"
"1888",1888,"Y","S"
"1889",1889,"N","S"
"1890",1890,"N","S"
"1891",1891,"N","S"
"1892",1892,"N","S"
"1893",1893,"N","S"
"1894",1894,"N","S"
"1895",1895,"Y","S"
"1896",1896,"N","S"
"1897",1897,"N","S"
"1898",1898,"N","S"
"1899",1899,"N","S"
"1900",1900,"N","S"
"1901",1901,"N","S"
"1902",1902,"N","S"
"1903",1903,"N","S"
"1904",1904,"N","S"
"1905",1905,"N","S"
"1906",1906,"Y","S"
"1907",1907,"N","S"
"1908",1908,"N","S"
"1909",1909,"N","S"
"1910",1910,"N","S"
"1911",1911,"Y","S"
"1912",1912,"N","S"
"1913",1913,"Y","S"
"1914",1914,"N","S"
"1915",1915,"Y","S"
"1916",1916,"N","S"
"1917",1917,"N","S"
"1918",1918,"N","S"
"1919",1919,"Y","S"
"1920",1920,"N","S"
"1921",1921,"N","S"
"1922",1922,"N","S"
"1923",1923,"N","S"
"1924",1924,"N","S"
"1925",1925,"N","S"
"1926",1926,"N","S"
"1927",1927,"N","S"
"1928",1928,"N","S"
"1929",1929,"N","S"
"1930",1930,"N","S"
"1931",1931,"N","S"
"1932",1932,"N","S"
"1933",1933,"N","S"
"1934",1934,"Y","S"
"1935",1935,"N","S"
"1936",1936,"N","S"
"1937",1937,"N","S"
"1938",1938,"N","S"
"1939",1939,"N","S"
"1940",1940,"Y","S"
"1941",1941,"N","S"
"1942",1942,"N","S"
"1943",1943,"N","S"
"1944",1944,"N","S"
"1945",1945,"N","S"
"1946",1946,"N","S"
"1947",1947,"Y","S"
"1948",1948,"Y","S"
"1949",1949,"N","S"
"1950",1950,"N","S"
"1951",1951,"N","S"
"1952",1952,"N","S"
"1953",1953,"N","S"
"1954",1954,"N","S"
"1955",1955,"N","S"
"1956",1956,"N","S"
"1957",1957,"N","S"
"1958",1958,"N","S"
"1959",1959,"N","S"
"1960",1960,"N","S"
"1961",1961,"N","S"
"1962",1962,"N","S"
"1963",1963,"N","S"
"1964",1964,"N","S"
"1965",1965,"N","S"
"1966",1966,"N","S"
"1967",1967,"N","S"
"1968",1968,"N","S"
"1969",1969,"N","S"
"1970",1970,"N","S"
"1971",1971,"N","S"
"1972",1972,"N","S"
"1973",1973,"N","S"
"1974",1974,"N","S"
"1975",1975,"N","S"
"1976",1976,"N","S"
"1977",1977,"N","S"
"1978",1978,"N","S"
"1979",1979,"N","S"
"1980",1980,"N","S"
"1981",1981,"N","S"
"1982",1982,"N","S"
"1983",1983,"N","S"
"1984",1984,"N","S"
"1985",1985,"N","S"
"1986",1986,"N","S"
"1987",1987,"N","S"
"1988",1988,"N","S"
"1989",1989,"N","S"
"1990",1990,"N","S"
"1991",1991,"Y","S"
"1992",1992,"N","S"
"1993",1993,"N","S"
"1994",1994,"Y","S"
"1995",1995,"N","S"
"1996",1996,"N","S"
"1997",1997,"N","S"
"1998",1998,"N","S"
"1999",1999,"N","S"
"2000",2000,"N","S"
"2001",2001,"N","S"
"2002",2002,"N","S"
"2003",2003,"N","S"
"2004",2004,"N","S"
"2005",2005,"N","S"
"2006",2006,"N","S"
"2007",2007,"N","S"
"2008",2008,"N","S"
"2009",2009,"N","S"
"2010",2010,"N","S"
"2011",2011,"Y","S"
"2012",2012,"Y","S"
"2013",2013,"N","S"
"2014",2014,"N","S"
"2015",2015,"N","S"
"2016",2016,"N","S"
"2017",2017,"N","S"
"2018",2018,"N","S"
"2019",2019,"N","S"
"2020",2020,"N","S"
"2021",2021,"N","S"
"2022",2022,"N","S"
"2023",2023,"N","S"
"2024",2024,"N","S"
"2025",2025,"N","S"
"2026",2026,"N","S"
"2027",2027,"N","S"
"2028",2028,"N","S"
"2029",2029,"N","S"
"2030",2030,"N","S"
"2031",2031,"N","S"
"2032",2032,"N","S"
"2033",2033,"N","S"
"2034",2034,"N","S"
"2035",2035,"N","S"
"2036",2036,"N","S"
"2037",2037,"N","S"
"2038",2038,"N","S"
"2039",2039,"Y","S"
"2040",2040,"Y","S"
"2041",2041,"N","S"
"2042",2042,"N","S"
"2043",2043,"N","S"
"2044",2044,"N","S"
"2045",2045,"N","S"
"2046",2046,"N","S"
"2047",2047,"N","S"
"2048",2048,"N","S"
"2049",2049,"N","S"
"2050",2050,"N","S"
"2051",2051,"N","S"
"2052",2052,"N","S"
"2053",2053,"N","S"
"2054",2054,"N","S"
"2055",2055,"N","S"
"2056",2056,"N","S"
"2057",2057,"N","S"
"2058",2058,"N","S"
"2059",2059,"N","S"
"2060",2060,"N","S"
"2061",2061,"N","S"
"2062",2062,"N","S"
"2063",2063,"N","S"
"2064",2064,"N","S"
"2065",2065,"N","S"
"2066",2066,"N","S"
"2067",2067,"N","S"
"2068",2068,"N","S"
"2069",2069,"N","S"
"2070",2070,"N","S"
"2071",2071,"N","S"
"2072",2072,"N","S"
"2073",2073,"N","S"
"2074",2074,"N","S"
"2075",2075,"N","S"
"2076",2076,"N","S"
"2077",2077,"N","S"
"2078",2078,"N","S"
"2079",2079,"N","S"
"2080",2080,"N","S"
"2081",2081,"N","S"
"2082",2082,"N","S"
"2083",2083,"N","S"
"2084",2084,"N","S"
"2085",2085,"N","S"
"2086",2086,"N","S"
"2087",2087,"N","S"
"2088",2088,"N","S"
"2089",2089,"N","S"
"2090",2090,"N","S"
"2091",2091,"N","S"
"2092",2092,"N","S"
"2093",2093,"N","S"
"2094",2094,"N","S"
"2095",2095,"N","S"
"2096",2096,"N","S"
"2097",2097,"N","S"
"2098",2098,"N","S"
"2099",2099,"N","S"
"2100",2100,"N","S"
"2101",2101,"N","S"
"2102",2102,"N","S"
"2103",2103,"N","S"
"2104",2104,"N","S"
"2105",2105,"N","S"
"2106",2106,"N","S"
"2107",2107,"N","S"
"2108",2108,"N","S"
"2109",2109,"N","S"
"2110",2110,"N","S"
"2111",2111,"N","S"
"2112",2112,"N","S"
"2113",2113,"N","S"
"2114",2114,"N","S"
"2115",2115,"N","S"
"2116",2116,"N","S"
"2117",2117,"N","S"
"2118",2118,"N","S"
"2119",2119,"N","S"
"2120",2120,"N","S"
"2121",2121,"N","S"
"2122",2122,"N","S"
"2123",2123,"N","S"
"2124",2124,"N","S"
"2125",2125,"N","S"
"2126",2126,"N","S"
"2127",2127,"N","S"
"2128",2128,"N","S"
"2129",2129,"N","S"
"2130",2130,"N","S"
"2131",2131,"N","S"
"2132",2132,"N","S"
"2133",2133,"N","S"
"2134",2134,"N","S"
"2135",2135,"N","S"
"2136",2136,"N","S"
"2137",2137,"N","S"
"2138",2138,"N","S"
"2139",2139,"N","S"
"2140",2140,"N","S"
"2141",2141,"N","S"
"2142",2142,"N","S"
"2143",2143,"N","S"
"2144",2144,"N","S"
"2145",2145,"N","S"
"2146",2146,"N","S"
"2147",2147,"Y","S"
"2148",2148,"Y","S"
"2149",2149,"N","S"
"2150",2150,"Y","S"
"2151",2151,"N","S"
"2152",2152,"N","S"
"2153",2153,"N","S"
"2154",2154,"N","S"
"2155",2155,"N","S"
"2156",2156,"N","S"
"2157",2157,"N","S"
"2158",2158,"N","S"
"2159",2159,"N","S"
"2160",2160,"N","S"
"2161",2161,"N","S"
"2162",2162,"N","S"
"2163",2163,"N","S"
"2164",2164,"N","S"
"2165",2165,"N","S"
"2166",2166,"N","S"
"2167",2167,"N","S"
"2168",2168,"N","S"
"2169",2169,"N","S"
"2170",2170,"N","S"
"2171",2171,"N","S"
"2172",2172,"N","S"
"2173",2173,"N","S"
"2174",2174,"Y","S"
"2175",2175,"N","S"
"2176",2176,"Y","S"
"2177",2177,"N","S"
"2178",2178,"N","S"
"2179",2179,"N","S"
"2180",2180,"N","S"
"2181",2181,"N","S"
"2182",2182,"N","S"
"2183",2183,"N","S"
"2184",2184,"N","S"
"2185",2185,"N","S"
"2186",2186,"N","S"
"2187",2187,"N","S"
"2188",2188,"N","S"
"2189",2189,"N","S"
"2190",2190,"N","S"
"2191",2191,"N","S"
"2192",2192,"N","S"
"2193",2193,"N","S"
"2194",2194,"N","S"
"2195",2195,"N","S"
"2196",2196,"N","S"
"2197",2197,"N","S"
"2198",2198,"N","S"
"2199",2199,"N","S"
"2200",2200,"N","S"
"2201",2201,"N","S"
"2202",2202,"N","S"
"2203",2203,"N","S"
"2204",2204,"N","S"
"2205",2205,"N","S"
"2206",2206,"N","S"
"2207",2207,"N","S"
"2208",2208,"N","S"
"2209",2209,"N","S"
"2210",2210,"N","S"
"2211",2211,"N","S"
"2212",2212,"N","S"
"2213",2213,"N","S"
"2214",2214,"N","S"
"2215",2215,"N","S"
"2216",2216,"N","S"
"2217",2217,"N","S"
"2218",2218,"N","S"
"2219",2219,"N","S"
"2220",2220,"N","S"
"2221",2221,"N","S"
"2222",2222,"N","S"
"2223",2223,"N","S"
"2224",2224,"N","S"
"2225",2225,"N","S"
"2226",2226,"N","S"
"2227",2227,"N","S"
"2228",2228,"N","S"
"2229",2229,"N","S"
"2230",2230,"N","S"
"2231",2231,"N","S"
"2232",2232,"N","S"
"2233",2233,"N","S"
"2234",2234,"N","S"
"2235",2235,"N","S"
"2236",2236,"N","S"
"2237",2237,"N","S"
"2238",2238,"N","S"
"2239",2239,"N","S"
"2240",2240,"N","S"
"2241",2241,"N","S"
"2242",2242,"N","S"
"2243",2243,"N","S"
"2244",2244,"N","S"
"2245",2245,"N","S"
"2246",2246,"N","S"
"2247",2247,"N","S"
"2248",2248,"N","S"
"2249",2249,"N","S"
"2250",2250,"N","S"
"2251",2251,"N","S"
"2252",2252,"N","S"
"2253",2253,"N","S"
"2254",2254,"N","S"
"2255",2255,"N","S"
"2256",2256,"N","S"
"2257",2257,"N","S"
"2258",2258,"N","S"
"2259",2259,"N","S"
"2260",2260,"N","S"
"2261",2261,"N","S"
"2262",2262,"N","S"
"2263",2263,"N","S"
"2264",2264,"N","S"
"2265",2265,"N","S"
"2266",2266,"N","S"
"2267",2267,"N","S"
"2268",2268,"N","S"
"2269",2269,"N","S"
"2270",2270,"N","S"
"2271",2271,"N","S"
"2272",2272,"N","S"
"2273",2273,"N","S"
"2274",2274,"N","S"
"2275",2275,"N","S"
"2276",2276,"N","S"
"2277",2277,"N","S"
"2278",2278,"N","S"
"2279",2279,"N","S"
"2280",2280,"N","S"
"2281",2281,"N","S"
"2282",2282,"N","S"
"2283",2283,"N","S"
"2284",2284,"N","S"
"2285",2285,"N","S"
"2286",2286,"N","S"
"2287",2287,"N","S"
"2288",2288,"N","S"
"2289",2289,"N","S"
"2290",2290,"N","S"
"2291",2291,"N","S"
"2292",2292,"N","S"
"2293",2293,"N","S"
"2294",2294,"N","S"
"2295",2295,"N","S"
"2296",2296,"N","S"
"2297",2297,"N","S"
"2298",2298,"N","S"
"2299",2299,"N","S"
"2300",2300,"N","S"
"2301",2301,"N","S"
"2302",2302,"N","S"
"2303",2303,"N","S"
"2304",2304,"N","S"
"2305",2305,"N","S"
"2306",2306,"N","S"
"2307",2307,"N","S"
"2308",2308,"N","S"
"2309",2309,"N","S"
"2310",2310,"N","S"
"2311",2311,"N","S"
"2312",2312,"N","S"
"2313",2313,"N","S"
"2314",2314,"N","S"
"2315",2315,"N","S"
"2316",2316,"N","S"
"2317",2317,"N","S"
"2318",2318,"N","S"
"2319",2319,"N","S"
"2320",2320,"N","S"
"2321",2321,"N","S"
"2322",2322,"N","S"
"2323",2323,"N","S"
"2324",2324,"N","S"
"2325",2325,"N","S"
"2326",2326,"N","S"
"2327",2327,"N","S"
"2328",2328,"N","S"
"2329",2329,"N","S"
"2330",2330,"N","S"
"2331",2331,"N","S"
"2332",2332,"N","S"
"2333",2333,"N","S"
"2334",2334,"N","S"
"2335",2335,"N","S"
"2336",2336,"N","S"
"2337",2337,"N","S"
"2338",2338,"N","S"
"2339",2339,"N","S"
"2340",2340,"N","S"
"2341",2341,"N","S"
"2342",2342,"N","S"
"2343",2343,"N","S"
"2344",2344,"N","S"
"2345",2345,"N","S"
"2346",2346,"N","S"
"2347",2347,"N","S"
"2348",2348,"N","S"
"2349",2349,"N","S"
"2350",2350,"N","S"
"2351",2351,"N","S"
"2352",2352,"N","S"
"2353",2353,"N","S"
"2354",2354,"N","S"
"2355",2355,"N","S"
"2356",2356,"N","S"
"2357",2357,"N","S"
"2358",2358,"N","S"
"2359",2359,"N","S"
"2360",2360,"N","S"
"2361",2361,"N","S"
"2362",2362,"N","S"
"2363",2363,"N","S"
"2364",2364,"N","S"
"2365",2365,"N","S"
"2366",2366,"N","S"
"2367",2367,"N","S"
"2368",2368,"N","S"
"2369",2369,"N","S"
"2370",2370,"N","S"
"2371",2371,"N","S"
"2372",2372,"N","S"
"2373",2373,"N","S"
"2374",2374,"N","S"
"2375",2375,"N","S"
"2376",2376,"N","S"
"2377",2377,"N","S"
"2378",2378,"N","S"
"2379",2379,"N","S"
"2380",2380,"N","S"
"2381",2381,"N","S"
"2382",2382,"N","S"
"2383",2383,"N","S"
"2384",2384,"N","S"
"2385",2385,"N","S"
"2386",2386,"N","S"
"2387",2387,"N","S"
"2388",2388,"N","S"
"2389",2389,"N","S"
"2390",2390,"N","S"
"2391",2391,"N","S"
"2392",2392,"N","S"
"2393",2393,"N","S"
"2394",2394,"N","S"
"2395",2395,"N","S"
"2396",2396,"N","S"
"2397",2397,"N","S"
"2398",2398,"N","S"
"2399",2399,"N","S"
"2400",2400,"N","S"
"2401",2401,"N","S"
"2402",2402,"N","S"
"2403",2403,"N","S"
"2404",2404,"N","S"
"2405",2405,"N","S"
"2406",2406,"N","S"
"2407",2407,"N","S"
"2408",2408,"N","S"
"2409",2409,"N","S"
"2410",2410,"N","S"
"2411",2411,"N","S"
"2412",2412,"N","S"
"2413",2413,"N","S"
"2414",2414,"N","S"
"2415",2415,"N","S"
"2416",2416,"N","S"
"2417",2417,"N","S"
"2418",2418,"N","S"
"2419",2419,"N","S"
"2420",2420,"N","S"
"2421",2421,"N","S"
"2422",2422,"N","S"
"2423",2423,"N","S"
"2424",2424,"N","S"
"2425",2425,"N","S"
"2426",2426,"N","S"
"2427",2427,"N","S"
"2428",2428,"N","S"
"2429",2429,"N","S"
"2430",2430,"N","S"
"2431",2431,"N","S"
"2432",2432,"N","S"
"2433",2433,"N","S"
"2434",2434,"N","S"
"2435",2435,"N","S"
"2436",2436,"N","S"
"2437",2437,"N","S"
"2438",2438,"N","S"
"2439",2439,"N","S"
"2440",2440,"N","S"
"2441",2441,"N","S"
"2442",2442,"N","S"
"2443",2443,"N","S"
"2444",2444,"N","S"
"2445",2445,"N","S"
"2446",2446,"N","S"
"2447",2447,"N","S"
"2448",2448,"N","S"
"2449",2449,"N","S"
"2450",2450,"N","S"
"2451",2451,"N","S"
"2452",2452,"N","S"
"2453",2453,"N","S"
"2454",2454,"N","S"
"2455",2455,"N","S"
"2456",2456,"N","S"
"2457",2457,"N","S"
"2458",2458,"N","S"
"2459",2459,"N","S"
"2460",2460,"N","S"
"2461",2461,"N","S"
"2462",2462,"N","S"
"2463",2463,"N","S"
"2464",2464,"N","S"
"2465",2465,"N","S"
"2466",2466,"N","S"
"2467",2467,"N","S"
"2468",2468,"N","S"
"2469",2469,"N","S"
"2470",2470,"N","S"
"2471",2471,"N","S"
"2472",2472,"N","S"
"2473",2473,"N","S"
"2474",2474,"N","S"
"2475",2475,"N","S"
"2476",2476,"N","S"
"2477",2477,"N","S"
"2478",2478,"N","S"
"2479",2479,"N","S"
"2480",2480,"N","S"
"2481",2481,"N","S"
"2482",2482,"N","S"
"2483",2483,"N","S"
"2484",2484,"N","S"
"2485",2485,"N","S"
"2486",2486,"N","S"
"2487",2487,"N","S"
"2488",2488,"N","S"
"2489",2489,"N","S"
"2490",2490,"N","S"
"2491",2491,"N","S"
"2492",2492,"N","S"
"2493",2493,"N","S"
"2494",2494,"N","S"
"2495",2495,"N","S"
"2496",2496,"N","S"
"2497",2497,"N","S"
"2498",2498,"N","S"
"2499",2499,"N","S"
"2500",2500,"N","S"
"2501",2501,"N","S"
"2502",2502,"N","S"
"2503",2503,"N","S"
"2504",2504,"N","S"
"2505",2505,"N","S"
"2506",2506,"N","S"
"2507",2507,"N","S"
"2508",2508,"N","S"
"2509",2509,"N","S"
"2510",2510,"N","S"
"2511",2511,"N","S"
"2512",2512,"N","S"
"2513",2513,"N","S"
"2514",2514,"N","S"
"2515",2515,"N","S"
"2516",2516,"N","S"
"2517",2517,"N","S"
"2518",2518,"N","S"
"2519",2519,"N","S"
"2520",2520,"N","S"
"2521",2521,"N","S"
"2522",2522,"N","S"
"2523",2523,"N","S"
"2524",2524,"N","S"
"2525",2525,"N","S"
"2526",2526,"N","S"
"2527",2527,"N","S"
"2528",2528,"N","S"
"2529",2529,"N","S"
"2530",2530,"N","S"
"2531",2531,"N","S"
"2532",2532,"N","S"
"2533",2533,"N","S"
"2534",2534,"N","S"
"2535",2535,"N","S"
"2536",2536,"N","S"
"2537",2537,"N","S"
"2538",2538,"N","S"
"2539",2539,"N","S"
"2540",2540,"N","S"
"2541",2541,"N","S"
"2542",2542,"N","S"
"2543",2543,"N","S"
"2544",2544,"N","S"
"2545",2545,"N","S"
"2546",2546,"N","S"
"2547",2547,"N","S"
"2548",2548,"N","S"
"2549",2549,"N","S"
"2550",2550,"N","S"
"2551",2551,"N","S"
"2552",2552,"N","S"
"2553",2553,"N","S"
"2554",2554,"N","S"
"2555",2555,"N","S"
"2556",2556,"N","S"
"2557",2557,"N","S"
"2558",2558,"N","S"
"2559",2559,"N","S"
"2560",2560,"N","S"
"2561",2561,"N","S"
"2562",2562,"N","S"
"2563",2563,"N","S"
"2564",2564,"N","S"
"2565",2565,"N","S"
"2566",2566,"N","S"
"2567",2567,"N","S"
"2568",2568,"N","S"
"2569",2569,"N","S"
"2570",2570,"N","S"
"2571",2571,"N","S"
"2572",2572,"N","S"
"2573",2573,"N","S"
"2574",2574,"N","S"
"2575",2575,"N","S"
"2576",2576,"N","S"
"2577",2577,"N","S"
"2578",2578,"N","S"
"2579",2579,"N","S"
"2580",2580,"N","S"
"2581",2581,"N","S"
"2582",2582,"N","S"
"2583",2583,"N","S"
"2584",2584,"N","S"
"2585",2585,"N","S"
"2586",2586,"N","S"
"2587",2587,"N","S"
"2588",2588,"N","S"
"2589",2589,"N","S"
"2590",2590,"N","S"
"2591",2591,"N","S"
"2592",2592,"N","S"
"2593",2593,"N","S"
"2594",2594,"N","S"
"2595",2595,"N","S"
"2596",2596,"N","S"
"2597",2597,"N","S"
"2598",2598,"N","S"
"2599",2599,"N","S"
"2600",2600,"N","S"
"2601",2601,"N","S"
"2602",2602,"N","S"
"2603",2603,"N","S"
"2604",2604,"N","S"
"2605",2605,"N","S"
"2606",2606,"N","S"
"2607",2607,"N","S"
"2608",2608,"N","S"
"2609",2609,"N","S"
"2610",2610,"N","S"
"2611",2611,"N","S"
"2612",2612,"N","S"
"2613",2613,"N","S"
"2614",2614,"N","S"
"2615",2615,"N","S"
"2616",2616,"N","S"
"2617",2617,"N","S"
"2618",2618,"N","S"
"2619",2619,"N","S"
"2620",2620,"N","S"
"2621",2621,"N","S"
"2622",2622,"N","S"
"2623",2623,"N","S"
"2624",2624,"N","S"
"2625",2625,"N","S"
"2626",2626,"N","S"
"2627",2627,"N","S"
"2628",2628,"Y","S"
"2629",2629,"N","S"
"2630",2630,"N","S"
"2631",2631,"N","S"
"2632",2632,"Y","S"
"2633",2633,"Y","S"
"2634",2634,"N","S"
"2635",2635,"N","S"
"2636",2636,"N","S"
"2637",2637,"N","S"
"2638",2638,"N","S"
"2639",2639,"N","S"
"2640",2640,"N","S"
"2641",2641,"N","S"
"2642",2642,"N","S"
"2643",2643,"N","S"
"2644",2644,"N","S"
"2645",2645,"N","S"
"2646",2646,"N","S"
"2647",2647,"N","S"
"2648",2648,"N","S"
"2649",2649,"N","S"
"2650",2650,"N","S"
"2651",2651,"N","S"
"2652",2652,"N","S"
"2653",2653,"N","S"
"2654",2654,"N","S"
"2655",2655,"N","S"
"2656",2656,"N","S"
"2657",2657,"N","S"
"2658",2658,"N","S"
"2659",2659,"N","S"
"2660",2660,"N","S"
"2661",2661,"N","S"
"2662",2662,"N","S"
"2663",2663,"N","S"
"2664",2664,"N","S"
"2665",2665,"N","S"
"2666",2666,"N","S"
"2667",2667,"N","S"
"2668",2668,"N","S"
"2669",2669,"N","S"
"2670",2670,"N","S"
"2671",2671,"N","S"
"2672",2672,"N","S"
"2673",2673,"N","S"
"2674",2674,"N","S"
"2675",2675,"Y","S"
"2676",2676,"N","S"
"2677",2677,"N","S"
"2678",2678,"N","S"
"2679",2679,"N","S"
"2680",2680,"N","S"
"2681",2681,"N","S"
"2682",2682,"N","S"
"2683",2683,"N","S"
"2684",2684,"N","S"
"2685",2685,"N","S"
"2686",2686,"N","S"
"2687",2687,"N","S"
"2688",2688,"N","S"
"2689",2689,"N","S"
"2690",2690,"N","S"
"2691",2691,"N","S"
"2692",2692,"N","S"
"2693",2693,"N","S"
"2694",2694,"N","S"
"2695",2695,"N","S"
"2696",2696,"N","S"
"2697",2697,"N","S"
"2698",2698,"N","S"
"2699",2699,"N","S"
"2700",2700,"N","S"
"2701",2701,"N","S"
"2702",2702,"N","S"
"2703",2703,"N","S"
"2704",2704,"N","S"
"2705",2705,"N","S"
"2706",2706,"N","S"
"2707",2707,"N","S"
"2708",2708,"N","S"
"2709",2709,"N","S"
"2710",2710,"N","S"
"2711",2711,"N","S"
"2712",2712,"N","S"
"2713",2713,"N","S"
"2714",2714,"N","S"
"2715",2715,"N","S"
"2716",2716,"N","S"
"2717",2717,"N","S"
"2718",2718,"N","S"
"2719",2719,"N","S"
"2720",2720,"N","S"
"2721",2721,"Y","S"
"2722",2722,"N","S"
"2723",2723,"N","S"
"2724",2724,"N","S"
"2725",2725,"N","S"
"2726",2726,"N","S"
"2727",2727,"N","S"
"2728",2728,"N","S"
"2729",2729,"N","S"
"2730",2730,"N","S"
"2731",2731,"N","S"
"2732",2732,"N","S"
"2733",2733,"N","S"
"2734",2734,"N","S"
"2735",2735,"N","S"
"2736",2736,"N","S"
"2737",2737,"N","S"
"2738",2738,"N","S"
"2739",2739,"Y","S"
"2740",2740,"N","S"
"2741",2741,"N","S"
"2742",2742,"N","S"
"2743",2743,"N","S"
"2744",2744,"N","S"
"2745",2745,"N","S"
"2746",2746,"N","S"
"2747",2747,"N","S"
"2748",2748,"N","S"
"2749",2749,"N","S"
"2750",2750,"N","S"
"2751",2751,"N","S"
"2752",2752,"N","S"
"2753",2753,"N","S"
"2754",2754,"N","S"
"2755",2755,"N","S"
"2756",2756,"N","S"
"2757",2757,"N","S"
"2758",2758,"N","S"
"2759",2759,"N","S"
"2760",2760,"N","S"
"2761",2761,"N","S"
"2762",2762,"N","S"
"2763",2763,"N","S"
"2764",2764,"N","S"
"2765",2765,"N","S"
"2766",2766,"N","S"
"2767",2767,"N","S"
"2768",2768,"N","S"
"2769",2769,"N","S"
"2770",2770,"N","S"
"2771",2771,"N","S"
"2772",2772,"N","S"
"2773",2773,"N","S"
"2774",2774,"N","S"
"2775",2775,"N","S"
"2776",2776,"N","S"
"2777",2777,"N","S"
"2778",2778,"N","S"
"2779",2779,"N","S"
"2780",2780,"N","S"
"2781",2781,"N","S"
"2782",2782,"N","S"
"2783",2783,"N","S"
"2784",2784,"N","S"
"2785",2785,"N","S"
"2786",2786,"N","S"
"2787",2787,"N","S"
"2788",2788,"N","S"
"2789",2789,"N","S"
"2790",2790,"N","S"
"2791",2791,"N","S"
"2792",2792,"N","S"
"2793",2793,"N","S"
"2794",2794,"N","S"
"2795",2795,"N","S"
"2796",2796,"N","S"
"2797",2797,"N","S"
"2798",2798,"N","S"
"2799",2799,"N","S"
"2800",2800,"N","S"
"2801",2801,"N","S"
"2802",2802,"N","S"
"2803",2803,"N","S"
"2804",2804,"N","S"
"2805",2805,"N","S"
"2806",2806,"N","S"
"2807",2807,"N","S"
"2808",2808,"N","S"
"2809",2809,"N","S"
"2810",2810,"N","S"
"2811",2811,"N","S"
"2812",2812,"N","S"
"2813",2813,"N","S"
"2814",2814,"N","S"
"2815",2815,"N","S"
"2816",2816,"N","S"
"2817",2817,"N","S"
"2818",2818,"N","S"
"2819",2819,"N","S"
"2820",2820,"N","S"
"2821",2821,"N","S"
"2822",2822,"N","S"
"2823",2823,"N","S"
"2824",2824,"N","S"
"2825",2825,"N","S"
"2826",2826,"N","S"
"2827",2827,"N","S"
"2828",2828,"N","S"
"2829",2829,"N","S"
"2830",2830,"N","S"
"2831",2831,"N","S"
"2832",2832,"N","S"
"2833",2833,"N","S"
"2834",2834,"N","S"
"2835",2835,"N","S"
"2836",2836,"N","S"
"2837",2837,"N","S"
"2838",2838,"N","S"
"2839",2839,"N","S"
"2840",2840,"N","S"
"2841",2841,"N","S"
"2842",2842,"N","S"
"2843",2843,"N","S"
"2844",2844,"N","S"
"2845",2845,"N","S"
"2846",2846,"N","S"
"2847",2847,"N","S"
"2848",2848,"N","S"
"2849",2849,"N","S"
"2850",2850,"N","S"
"2851",2851,"N","S"
"2852",2852,"N","S"
"2853",2853,"N","S"
"2854",2854,"N","S"
"2855",2855,"N","S"
"2856",2856,"N","S"
"2857",2857,"N","S"
"2858",2858,"N","S"
"2859",2859,"N","S"
"2860",2860,"N","S"
"2861",2861,"N","S"
"2862",2862,"N","S"
"2863",2863,"N","S"
"2864",2864,"N","S"
"2865",2865,"N","S"
"2866",2866,"N","S"
"2867",2867,"N","S"
"2868",2868,"N","S"
"2869",2869,"N","S"
"2870",2870,"N","S"
"2871",2871,"N","S"
"2872",2872,"N","S"
"2873",2873,"N","S"
"2874",2874,"N","S"
"2875",2875,"N","S"
"2876",2876,"N","S"
"2877",2877,"N","S"
"2878",2878,"N","S"
"2879",2879,"N","S"
"2880",2880,"N","S"
"2881",2881,"N","S"
"2882",2882,"N","S"
"2883",2883,"N","S"
"2884",2884,"N","S"
"2885",2885,"N","S"
"2886",2886,"N","S"
"2887",2887,"N","S"
"2888",2888,"N","S"
"2889",2889,"N","S"
"2890",2890,"N","S"
"2891",2891,"N","S"
"2892",2892,"N","S"
"2893",2893,"N","S"
"2894",2894,"N","S"
"2895",2895,"N","S"
"2896",2896,"N","S"
"2897",2897,"N","S"
"2898",2898,"N","S"
"2899",2899,"N","S"
"2900",2900,"N","S"
"2901",2901,"N","S"
"2902",2902,"N","S"
"2903",2903,"N","S"
"2904",2904,"N","S"
"2905",2905,"N","S"
"2906",2906,"N","S"
"2907",2907,"N","S"
"2908",2908,"N","S"
"2909",2909,"N","S"
"2910",2910,"N","S"
"2911",2911,"N","S"
"2912",2912,"N","S"
"2913",2913,"N","S"
"2914",2914,"N","S"
"2915",2915,"N","S"
"2916",2916,"N","S"
"2917",2917,"N","S"
"2918",2918,"N","S"
"2919",2919,"N","S"
"2920",2920,"N","S"
"2921",2921,"N","S"
"2922",2922,"N","S"
"2923",2923,"N","S"
"2924",2924,"N","S"
"2925",2925,"N","S"
"2926",2926,"N","S"
"2927",2927,"N","S"
"2928",2928,"N","S"
"2929",2929,"N","S"
"2930",2930,"N","S"
"2931",2931,"N","S"
"2932",2932,"N","S"
"2933",2933,"N","S"
"2934",2934,"N","S"
"2935",2935,"N","S"
"2936",2936,"N","S"
"2937",2937,"N","S"
"2938",2938,"N","S"
"2939",2939,"N","S"
"2940",2940,"N","S"
"2941",2941,"N","S"
"2942",2942,"N","S"
"2943",2943,"N","S"
"2944",2944,"N","S"
"2945",2945,"N","S"
"2946",2946,"N","S"
"2947",2947,"N","S"
"2948",2948,"N","S"
"2949",2949,"N","S"
"2950",2950,"N","S"
"2951",2951,"N","S"
"2952",2952,"N","S"
"2953",2953,"N","S"
"2954",2954,"N","S"
"2955",2955,"N","S"
"2956",2956,"N","S"
"2957",2957,"N","S"
"2958",2958,"N","S"
"2959",2959,"N","S"
"2960",2960,"N","S"
"2961",2961,"N","S"
"2962",2962,"N","S"
"2963",2963,"N","S"
"2964",2964,"N","S"
"2965",2965,"N","S"
"2966",2966,"N","S"
"2967",2967,"N","S"
"2968",2968,"N","S"
"2969",2969,"N","S"
"2970",2970,"N","S"
"2971",2971,"N","S"
"2972",2972,"N","S"
"2973",2973,"N","S"
"2974",2974,"N","S"
"2975",2975,"N","S"
"2976",2976,"N","S"
"2977",2977,"N","S"
"2978",2978,"N","S"
"2979",2979,"N","S"
"2980",2980,"N","S"
"2981",2981,"N","S"
"2982",2982,"N","S"
"2983",2983,"N","S"
"2984",2984,"N","S"
"2985",2985,"N","S"
"2986",2986,"N","S"
"2987",2987,"N","S"
"2988",2988,"N","S"
"2989",2989,"N","S"
"2990",2990,"N","S"
"2991",2991,"N","S"
"2992",2992,"N","S"
"2993",2993,"N","S"
"2994",2994,"N","S"
"2995",2995,"Y","S"
"2996",2996,"N","S"
"2997",2997,"N","S"
"2998",2998,"N","S"
"2999",2999,"N","S"
"3000",3000,"N","S"
"3001",3001,"N","S"
"3002",3002,"N","S"
"3003",3003,"N","S"
"3004",3004,"N","S"
"3005",3005,"N","S"
"3006",3006,"N","S"
"3007",3007,"N","S"
"3008",3008,"N","S"
"3009",3009,"N","S"
"3010",3010,"N","S"
"3011",3011,"N","S"
"3012",3012,"N","S"
"3013",3013,"N","S"
"3014",3014,"N","S"
"3015",3015,"N","S"
"3016",3016,"N","S"
"3017",3017,"N","S"
"3018",3018,"N","S"
"3019",3019,"N","S"
"3020",3020,"N","S"
"3021",3021,"N","S"
"3022",3022,"N","S"
"3023",3023,"N","S"
"3024",3024,"N","S"
"3025",3025,"N","S"
"3026",3026,"N","S"
"3027",3027,"N","S"
"3028",3028,"N","S"
"3029",3029,"N","S"
"3030",3030,"N","S"
"3031",3031,"N","S"
"3032",3032,"N","S"
"3033",3033,"N","S"
"3034",3034,"N","S"
"3035",3035,"N","S"
"3036",3036,"N","S"
"3037",3037,"N","S"
"3038",3038,"N","S"
"3039",3039,"N","S"
"3040",3040,"N","S"
"3041",3041,"N","S"
"3042",3042,"N","S"
"3043",3043,"N","S"
"3044",3044,"N","S"
"3045",3045,"N","S"
"3046",3046,"N","S"
"3047",3047,"N","S"
"3048",3048,"N","S"
"3049",3049,"N","S"
"3050",3050,"N","S"
"3051",3051,"N","S"
"3052",3052,"N","S"
"3053",3053,"N","S"
"3054",3054,"N","S"
"3055",3055,"N","S"
"3056",3056,"N","S"
"3057",3057,"N","S"
"3058",3058,"N","S"
"3059",3059,"N","S"
"3060",3060,"N","S"
"3061",3061,"N","S"
"3062",3062,"N","S"
"3063",3063,"N","S"
"3064",3064,"N","S"
"3065",3065,"N","S"
"3066",3066,"N","S"
"3067",3067,"N","S"
"3068",3068,"N","S"
"3069",3069,"N","S"
"3070",3070,"N","S"
"3071",3071,"N","S"
"3072",3072,"N","S"
"3073",3073,"N","S"
"3074",3074,"N","S"
"3075",3075,"N","S"
"3076",3076,"N","S"
"3077",3077,"N","S"
"3078",3078,"N","S"
"3079",3079,"N","S"
"3080",3080,"N","S"
"3081",3081,"N","S"
"3082",3082,"N","S"
"3083",3083,"N","S"
"3084",3084,"N","S"
"3085",3085,"N","S"
"3086",3086,"N","S"
"3087",3087,"N","S"
"3088",3088,"N","S"
"3089",3089,"N","S"
"3090",3090,"N","S"
"3091",3091,"N","S"
"3092",3092,"N","S"
"3093",3093,"N","S"
"3094",3094,"N","S"
"3095",3095,"N","S"
"3096",3096,"N","S"
"3097",3097,"N","S"
"3098",3098,"N","S"
"3099",3099,"N","S"
"3100",3100,"N","S"
"3101",3101,"N","S"
"3102",3102,"N","S"
"3103",3103,"N","S"
"3104",3104,"N","S"
"3105",3105,"N","S"
"3106",3106,"N","S"
"3107",3107,"N","S"
"3108",3108,"N","S"
"3109",3109,"N","S"
"3110",3110,"N","S"
"3111",3111,"N","S"
"3112",3112,"N","S"
"3113",3113,"Y","S"
"3114",3114,"N","S"
"3115",3115,"N","S"
"3116",3116,"N","S"
"3117",3117,"N","S"
"3118",3118,"N","S"
"3119",3119,"N","S"
"3120",3120,"N","S"
"3121",3121,"N","S"
"3122",3122,"N","S"
"3123",3123,"N","S"
"3124",3124,"N","S"
"3125",3125,"N","S"
"3126",3126,"N","S"
"3127",3127,"N","S"
"3128",3128,"N","S"
"3129",3129,"N","S"
"3130",3130,"N","S"
"3131",3131,"Y","S"
"3132",3132,"N","S"
"3133",3133,"N","S"
"3134",3134,"N","S"
"3135",3135,"N","S"
"3136",3136,"N","S"
"3137",3137,"N","S"
"3138",3138,"N","S"
"3139",3139,"N","S"
"3140",3140,"N","S"
"3141",3141,"N","S"
"3142",3142,"N","S"
"3143",3143,"N","S"
"3144",3144,"N","S"
"3145",3145,"N","S"
"3146",3146,"N","S"
"3147",3147,"N","S"
"3148",3148,"N","S"
"3149",3149,"Y","S"
"3150",3150,"N","S"
"3151",3151,"N","S"
"3152",3152,"N","S"
"3153",3153,"N","S"
"3154",3154,"N","S"
"3155",3155,"N","S"
"3156",3156,"N","S"
"3157",3157,"N","S"
"3158",3158,"N","S"
"3159",3159,"N","S"
"3160",3160,"N","S"
"3161",3161,"N","S"
"3162",3162,"N","S"
"3163",3163,"N","S"
"3164",3164,"N","S"
"3165",3165,"N","S"
"3166",3166,"N","S"
"3167",3167,"N","S"
"3168",3168,"N","S"
"3169",3169,"N","S"
"3170",3170,"Y","S"
"3171",3171,"N","S"
"3172",3172,"N","S"
"3173",3173,"N","S"
"3174",3174,"N","S"
"3175",3175,"N","S"
"3176",3176,"N","S"
"3177",3177,"N","S"
"3178",3178,"N","S"
"3179",3179,"N","S"
"3180",3180,"N","S"
"3181",3181,"N","S"
"3182",3182,"N","S"
"3183",3183,"N","S"
"3184",3184,"N","S"
"3185",3185,"N","S"
"3186",3186,"N","S"
"3187",3187,"N","S"
"3188",3188,"N","S"
"3189",3189,"N","S"
"3190",3190,"N","S"
"3191",3191,"N","S"
"3192",3192,"N","S"
"3193",3193,"N","S"
"3194",3194,"N","S"
"3195",3195,"N","S"
"3196",3196,"N","S"
"3197",3197,"N","S"
"3198",3198,"N","S"
"3199",3199,"N","S"
"3200",3200,"N","S"
"3201",3201,"N","S"
"3202",3202,"N","S"
"3203",3203,"N","S"
"3204",3204,"N","S"
"3205",3205,"N","S"
"3206",3206,"N","S"
"3207",3207,"N","S"
"3208",3208,"N","S"
"3209",3209,"N","S"
"3210",3210,"N","S"
"3211",3211,"N","S"
"3212",3212,"N","S"
"3213",3213,"N","S"
"3214",3214,"N","S"
"3215",3215,"N","S"
"3216",3216,"N","S"
"3217",3217,"N","S"
"3218",3218,"N","S"
"3219",3219,"N","S"
"3220",3220,"N","S"
"3221",3221,"N","S"
"3222",3222,"N","S"
"3223",3223,"N","S"
"3224",3224,"N","S"
"3225",3225,"N","S"
"3226",3226,"N","S"
"3227",3227,"N","S"
"3228",3228,"N","S"
"3229",3229,"N","S"
"3230",3230,"N","S"
"3231",3231,"N","S"
"3232",3232,"N","S"
"3233",3233,"N","S"
"3234",3234,"N","S"
"3235",3235,"N","S"
"3236",3236,"N","S"
"3237",3237,"N","S"
"3238",3238,"N","S"
"3239",3239,"N","S"
"3240",3240,"N","S"
"3241",3241,"N","S"
"3242",3242,"N","S"
"3243",3243,"N","S"
"3244",3244,"N","S"
"3245",3245,"N","S"
"3246",3246,"N","S"
"3247",3247,"N","S"
"3248",3248,"N","S"
"3249",3249,"N","S"
"3250",3250,"N","S"
"3251",3251,"N","S"
"3252",3252,"N","S"
"3253",3253,"N","S"
"3254",3254,"N","S"
"3255",3255,"N","S"
"3256",3256,"N","S"
"3257",3257,"N","S"
"3258",3258,"N","S"
"3259",3259,"N","S"
"3260",3260,"N","S"
"3261",3261,"N","S"
"3262",3262,"N","S"
"3263",3263,"N","S"
"3264",3264,"N","S"
"3265",3265,"N","S"
"3266",3266,"N","S"
"3267",3267,"N","S"
"3268",3268,"N","S"
"3269",3269,"N","S"
"3270",3270,"N","S"
"3271",3271,"N","S"
"3272",3272,"N","S"
"3273",3273,"N","S"
"3274",3274,"N","S"
"3275",3275,"N","S"
"3276",3276,"N","S"
"3277",3277,"N","S"
"3278",3278,"N","S"
"3279",3279,"N","S"
"3280",3280,"N","S"
"3281",3281,"N","S"
"3282",3282,"N","S"
"3283",3283,"N","S"
"3284",3284,"N","S"
"3285",3285,"N","S"
"3286",3286,"N","S"
"3287",3287,"N","S"
"3288",3288,"N","S"
"3289",3289,"N","S"
"3290",3290,"N","S"
"3291",3291,"N","S"
"3292",3292,"N","S"
"3293",3293,"N","S"
"3294",3294,"N","S"
"3295",3295,"N","S"
"3296",3296,"N","S"
"3297",3297,"N","S"
"3298",3298,"N","S"
"3299",3299,"N","S"
"3300",3300,"N","S"
"3301",3301,"N","S"
"3302",3302,"N","S"
"3303",3303,"N","S"
"3304",3304,"N","S"
"3305",3305,"N","S"
"3306",3306,"N","S"
"3307",3307,"N","S"
"3308",3308,"N","S"
"3309",3309,"N","S"
"3310",3310,"N","S"
"3311",3311,"N","S"
"3312",3312,"N","S"
"3313",3313,"N","S"
"3314",3314,"N","S"
"3315",3315,"N","S"
"3316",3316,"N","S"
"3317",3317,"N","S"
"3318",3318,"N","S"
"3319",3319,"N","S"
"3320",3320,"N","S"
"3321",3321,"N","S"
"3322",3322,"N","S"
"3323",3323,"N","S"
"3324",3324,"N","S"
"3325",3325,"N","S"
"3326",3326,"N","S"
"3327",3327,"N","S"
"3328",3328,"N","S"
"3329",3329,"N","S"
"3330",3330,"N","S"
"3331",3331,"N","S"
"3332",3332,"N","S"
"3333",3333,"N","S"
"3334",3334,"N","S"
"3335",3335,"N","S"
"3336",3336,"N","S"
"3337",3337,"N","S"
"3338",3338,"N","S"
"3339",3339,"N","S"
"3340",3340,"N","S"
"3341",3341,"N","S"
"3342",3342,"N","S"
"3343",3343,"N","S"
"3344",3344,"N","S"
"3345",3345,"N","S"
"3346",3346,"N","S"
"3347",3347,"N","S"
"3348",3348,"N","S"
"3349",3349,"N","S"
"3350",3350,"N","S"
"3351",3351,"N","S"
"3352",3352,"N","S"
"3353",3353,"N","S"
"3354",3354,"N","S"
"3355",3355,"N","S"
"3356",3356,"N","S"
"3357",3357,"N","S"
"3358",3358,"N","S"
"3359",3359,"N","S"
"3360",3360,"N","S"
"3361",3361,"N","S"
"3362",3362,"N","S"
"3363",3363,"N","S"
"3364",3364,"N","S"
"3365",3365,"N","S"
"3366",3366,"N","S"
"3367",3367,"N","S"
"3368",3368,"N","S"
"3369",3369,"N","S"
"3370",3370,"N","S"
"3371",3371,"N","S"
"3372",3372,"N","S"
"3373",3373,"N","S"
"3374",3374,"N","S"
"3375",3375,"N","S"
"3376",3376,"N","S"
"3377",3377,"N","FN"
"3378",3378,"N","FN"
"3379",3379,"N","FN"
"3380",3380,"N","FN"
"3381",3381,"N","FN"
"3382",3382,"N","FN"
"3383",3383,"N","FN"
"3384",3384,"N","FN"
"3385",3385,"N","FN"
"3386",3386,"N","FN"
"3387",3387,"N","FN"
"3388",3388,"N","FN"
"3389",3389,"N","FN"
"3390",3390,"N","FN"
"3391",3391,"N","FN"
"3392",3392,"N","FN"
"3393",3393,"N","FN"
"3394",3394,"N","FN"
"3395",3395,"N","FN"
"3396",3396,"N","FN"
"3397",3397,"N","FN"
"3398",3398,"N","FN"
"3399",3399,"N","FN"
"3400",3400,"N","FN"
"3401",3401,"N","FN"
"3402",3402,"N","FN"
"3403",3403,"N","FN"
"3404",3404,"N","FN"
"3405",3405,"N","FN"
"3406",3406,"N","FN"
"3407",3407,"N","FN"
"3408",3408,"N","FN"
"3409",3409,"N","FN"
"3410",3410,"N","FN"
"3411",3411,"N","FN"
"3412",3412,"N","FN"
"3413",3413,"N","FN"
"3414",3414,"N","FN"
"3415",3415,"N","FN"
"3416",3416,"N","FN"
"3417",3417,"N","FN"
"3418",3418,"N","FN"
"3419",3419,"N","FN"
"3420",3420,"N","FN"
"3421",3421,"N","FN"
"3422",3422,"N","FN"
"3423",3423,"N","FN"
"3424",3424,"N","FN"
"3425",3425,"N","FN"
"3426",3426,"N","FN"
"3427",3427,"N","FN"
"3428",3428,"N","FN"
"3429",3429,"N","FN"
"3430",3430,"N","FN"
"3431",3431,"N","FN"
"3432",3432,"N","FN"
"3433",3433,"N","FN"
"3434",3434,"N","FN"
"3435",3435,"N","FN"
"3436",3436,"N","FN"
"3437",3437,"N","FN"
"3438",3438,"N","FN"
"3439",3439,"N","FN"
"3440",3440,"N","FN"
"3441",3441,"N","FN"
"3442",3442,"N","FN"
"3443",3443,"N","FN"
"3444",3444,"N","FN"
"3445",3445,"N","FN"
"3446",3446,"N","FN"
"3447",3447,"N","FN"
"3448",3448,"N","FN"
"3449",3449,"N","FN"
"3450",3450,"N","FN"
"3451",3451,"N","FN"
"3452",3452,"N","FN"
"3453",3453,"N","FN"
"3454",3454,"N","FN"
"3455",3455,"N","FN"
"3456",3456,"N","FN"
"3457",3457,"N","FN"
"3458",3458,"N","FN"
"3459",3459,"N","FN"
"3460",3460,"N","FN"
"3461",3461,"N","FN"
"3462",3462,"N","FN"
"3463",3463,"N","FN"
"3464",3464,"N","FN"
"3465",3465,"N","FN"
"3466",3466,"N","FN"
"3467",3467,"N","FN"
"3468",3468,"N","FN"
"3469",3469,"N","FN"
"3470",3470,"N","FN"
"3471",3471,"N","FN"
"3472",3472,"N","FN"
"3473",3473,"N","FN"
"3474",3474,"N","FN"
"3475",3475,"N","FN"
"3476",3476,"N","FN"
"3477",3477,"N","FN"
"3478",3478,"N","FN"
"3479",3479,"N","FN"
"3480",3480,"N","FN"
"3481",3481,"N","FN"
"3482",3482,"N","FN"
"3483",3483,"N","FN"
"3484",3484,"N","FN"
"3485",3485,"N","FN"
"3486",3486,"N","N"
"3487",3487,"N","S"
"3488",3488,"N","FN"
"3489",3489,"N","FN"
"3490",3490,"N","FN"
"3491",3491,"N","FN"
"3492",3492,"N","FN"
"3493",3493,"N","FN"
"3494",3494,"N","FN"
"3495",3495,"N","FN"
"3496",3496,"N","FN"
"3497",3497,"N","FN"
"3498",3498,"N","FN"
"3499",3499,"N","FN"
"3500",3500,"N","FN"
"3501",3501,"N","FN"
"3502",3502,"N","FN"
"3503",3503,"N","FN"
"3504",3504,"N","FN"
"3505",3505,"N","FN"
"3506",3506,"N","FN"
"3507",3507,"N","FN"
"3508",3508,"N","FN"
"3509",3509,"N","FN"
"3510",3510,"N","FN"
"3511",3511,"N","FN"
"3512",3512,"N","FN"
"3513",3513,"N","FN"
"3514",3514,"N","FN"
"3515",3515,"N","FN"
"3516",3516,"N","FN"
"3517",3517,"N","S"
"3518",3518,"N","S"
"3519",3519,"N","S"
"3520",3520,"N","S"
"3521",3521,"N","S"
"3522",3522,"N","S"
"3523",3523,"Y","S"
"3524",3524,"Y","S"
"3525",3525,"Y","S"
"3526",3526,"N","S"
"3527",3527,"Y","S"
"3528",3528,"N","S"
"3529",3529,"Y","S"
"3530",3530,"Y","S"
"3531",3531,"N","S"
"3532",3532,"N","S"
"3533",3533,"N","S"
"3534",3534,"N","S"
"3535",3535,"N","S"
"3536",3536,"N","S"
"3537",3537,"N","S"
"3538",3538,"Y","S"
"3539",3539,"N","S"
"3540",3540,"N","S"
"3541",3541,"N","S"
"3542",3542,"N","S"
"3543",3543,"N","S"
"3544",3544,"N","S"
"3545",3545,"N","S"
"3546",3546,"N","S"
"3547",3547,"N","S"
"3548",3548,"Y","S"
"3549",3549,"N","S"
"3550",3550,"N","S"
"3551",3551,"Y","S"
"3552",3552,"Y","S"
"3553",3553,"N","S"
"3554",3554,"N","S"
"3555",3555,"N","S"
"3556",3556,"N","S"
"3557",3557,"N","S"
"3558",3558,"N","S"
"3559",3559,"N","S"
"3560",3560,"N","S"
"3561",3561,"N","S"
"3562",3562,"N","S"
"3563",3563,"N","S"
"3564",3564,"N","S"
"3565",3565,"N","S"
"3566",3566,"N","S"
"3567",3567,"N","S"
"3568",3568,"N","S"
"3569",3569,"N","S"
"3570",3570,"N","S"
"3571",3571,"Y","S"
"3572",3572,"N","S"
"3573",3573,"N","S"
"3574",3574,"N","S"
"3575",3575,"N","S"
"3576",3576,"N","S"
"3577",3577,"N","S"
"3578",3578,"N","S"
"3579",3579,"N","S"
"3580",3580,"N","S"
"3581",3581,"N","S"
"3582",3582,"N","S"
"3583",3583,"N","S"
"3584",3584,"N","S"
"3585",3585,"N","S"
"3586",3586,"N","S"
"3587",3587,"N","S"
"3588",3588,"N","S"
"3589",3589,"N","S"
"3590",3590,"N","S"
"3591",3591,"N","S"
"3592",3592,"Y","S"
"3593",3593,"N","S"
"3594",3594,"N","S"
"3595",3595,"N","S"
"3596",3596,"N","S"
"3597",3597,"N","S"
"3598",3598,"N","S"
"3599",3599,"N","S"
"3600",3600,"N","S"
"3601",3601,"N","S"
"3602",3602,"N","S"
"3603",3603,"N","S"
"3604",3604,"N","S"
"3605",3605,"N","S"
"3606",3606,"N","S"
"3607",3607,"N","S"
"3608",3608,"N","S"
"3609",3609,"N","S"
"3610",3610,"N","S"
"3611",3611,"N","S"
"3612",3612,"N","S"
"3613",3613,"N","S"
"3614",3614,"N","S"
"3615",3615,"N","S"
"3616",3616,"N","S"
"3617",3617,"N","S"
"3618",3618,"N","S"
"3619",3619,"N","S"
"3620",3620,"Y","S"
"3621",3621,"N","S"
"3622",3622,"Y","S"
"3623",3623,"N","S"
"3624",3624,"N","S"
"3625",3625,"N","S"
"3626",3626,"N","S"
"3627",3627,"N","S"
"3628",3628,"N","S"
"3629",3629,"N","S"
"3630",3630,"N","S"
"3631",3631,"N","S"
"3632",3632,"N","S"
"3633",3633,"N","S"
"3634",3634,"N","S"
"3635",3635,"N","S"
"3636",3636,"N","S"
"3637",3637,"N","S"
"3638",3638,"N","S"
"3639",3639,"N","S"
"3640",3640,"N","S"
"3641",3641,"Y","S"
"3642",3642,"Y","S"
"3643",3643,"N","S"
"3644",3644,"N","S"
"3645",3645,"N","S"
"3646",3646,"N","S"
"3647",3647,"N","S"
"3648",3648,"N","S"
"3649",3649,"N","S"
"3650",3650,"N","S"
"3651",3651,"N","S"
"3652",3652,"N","S"
"3653",3653,"N","S"
"3654",3654,"N","S"
"3655",3655,"N","S"
"3656",3656,"N","S"
"3657",3657,"N","S"
"3658",3658,"N","S"
"3659",3659,"N","S"
"3660",3660,"N","S"
"3661",3661,"N","S"
"3662",3662,"N","S"
"3663",3663,"N","S"
"3664",3664,"N","S"
"3665",3665,"Y","S"
"3666",3666,"N","S"
"3667",3667,"N","S"
"3668",3668,"N","S"
"3669",3669,"N","S"
"3670",3670,"N","S"
"3671",3671,"N","S"
"3672",3672,"N","S"
"3673",3673,"N","S"
"3674",3674,"N","S"
"3675",3675,"N","S"
"3676",3676,"Y","S"
"3677",3677,"N","S"
"3678",3678,"N","S"
"3679",3679,"N","S"
"3680",3680,"N","S"
"3681",3681,"Y","S"
"3682",3682,"Y","S"
"3683",3683,"Y","S"
"3684",3684,"N","S"
"3685",3685,"N","S"
"3686",3686,"N","S"
"3687",3687,"N","S"
"3688",3688,"N","S"
"3689",3689,"N","S"
"3690",3690,"N","S"
"3691",3691,"N","S"
"3692",3692,"N","S"
"3693",3693,"N","S"
"3694",3694,"N","S"
"3695",3695,"N","S"
"3696",3696,"N","S"
"3697",3697,"N","S"
"3698",3698,"N","S"
"3699",3699,"N","S"
"3700",3700,"Y","S"
"3701",3701,"N","S"
"3702",3702,"N","S"
"3703",3703,"N","S"
"3704",3704,"N","S"
"3705",3705,"N","S"
"3706",3706,"N","S"
"3707",3707,"N","S"
"3708",3708,"N","S"
"3709",3709,"N","S"
"3710",3710,"N","S"
"3711",3711,"N","S"
"3712",3712,"N","S"
"3713",3713,"Y","S"
"3714",3714,"N","S"
"3715",3715,"N","S"
"3716",3716,"N","S"
"3717",3717,"N","S"
"3718",3718,"N","S"
"3719",3719,"N","S"
"3720",3720,"N","S"
"3721",3721,"N","S"
"3722",3722,"N","S"
"3723",3723,"Y","S"
"3724",3724,"N","S"
"3725",3725,"N","S"
"3726",3726,"N","S"
"3727",3727,"N","S"
"3728",3728,"N","S"
"3729",3729,"N","S"
"3730",3730,"N","S"
"3731",3731,"N","S"
"3732",3732,"N","S"
"3733",3733,"N","S"
"3734",3734,"N","S"
"3735",3735,"N","S"
"3736",3736,"Y","S"
"3737",3737,"N","S"
"3738",3738,"N","S"
"3739",3739,"N","S"
"3740",3740,"N","S"
"3741",3741,"N","S"
"3742",3742,"N","S"
"3743",3743,"N","S"
"3744",3744,"N","S"
"3745",3745,"N","S"
"3746",3746,"N","S"
"3747",3747,"N","S"
"3748",3748,"N","S"
"3749",3749,"N","S"
"3750",3750,"N","S"
"3751",3751,"N","S"
"3752",3752,"N","S"
"3753",3753,"Y","S"
"3754",3754,"Y","S"
"3755",3755,"Y","S"
"3756",3756,"Y","S"
"3757",3757,"Y","S"
"3758",3758,"N","S"
"3759",3759,"N","S"
"3760",3760,"N","S"
"3761",3761,"N","S"
"3762",3762,"N","S"
"3763",3763,"N","S"
"3764",3764,"N","S"
"3765",3765,"N","S"
"3766",3766,"N","S"
"3767",3767,"N","S"
"3768",3768,"N","S"
"3769",3769,"Y","S"
"3770",3770,"N","S"
"3771",3771,"N","S"
"3772",3772,"Y","S"
"3773",3773,"N","S"
"3774",3774,"N","S"
"3775",3775,"N","S"
"3776",3776,"N","S"
"3777",3777,"N","S"
"3778",3778,"N","S"
"3779",3779,"N","S"
"3780",3780,"N","S"
"3781",3781,"N","S"
"3782",3782,"N","S"
"3783",3783,"N","S"
"3784",3784,"N","S"
"3785",3785,"N","S"
"3786",3786,"N","S"
"3787",3787,"N","S"
"3788",3788,"N","S"
"3789",3789,"N","S"
"3790",3790,"N","S"
"3791",3791,"N","S"
"3792",3792,"N","S"
"3793",3793,"N","S"
"3794",3794,"N","S"
"3795",3795,"N","S"
"3796",3796,"N","S"
"3797",3797,"N","S"
"3798",3798,"N","S"
"3799",3799,"N","S"
"3800",3800,"N","S"
"3801",3801,"N","S"
"3802",3802,"N","S"
"3803",3803,"N","S"
"3804",3804,"N","S"
"3805",3805,"N","S"
"3806",3806,"Y","S"
